2025-07-28 15:26:57 [INFO] [GPS_TRACKER] Vehículo fuera de ruta detectado
2025-12-05 20:54:43 [WARN] [DB_SYNC] Orden procesada correctamente
2025-02-12 04:24:25 [INFO] [AUTH] Entrega registrada en sistema
2025-06-17 22:32:47 [INFO] [MONITOR] Alerta de velocidad excedida
2025-04-11 05:20:56 [INFO] [SCHEDULER] Conexión a MongoDB establecida
2025-04-25 17:47:51 [ERROR] [MONITOR] GPS sync generado exitosamente
2026-04-12 03:33:07 [DEBUG] [GPS_TRACKER] Entrega registrada en sistema
2025-12-02 13:03:47 [INFO] [SCHEDULER] Asignación de ruta completada
2025-05-30 09:43:10 [WARN] [MONITOR] Alerta de velocidad excedida
2025-08-17 14:16:03 [INFO] [GPS_TRACKER] GPS sync generado exitosamente
2026-01-19 00:13:57 [INFO] [SCHEDULER] Entrega registrada en sistema
2025-08-17 05:55:42 [INFO] [DB_SYNC] Conexión a MongoDB establecida
2025-09-21 07:06:29 [WARN] [AUTH] Conexión a MongoDB establecida
2025-07-15 01:01:55 [WARN] [DB_SYNC] GPS sync generado exitosamente
2025-04-13 06:10:14 [ERROR] [MONITOR] Usuario autenticado correctamente
2025-03-09 12:55:10 [WARN] [MONITOR] Asignación de ruta completada
2025-04-08 21:02:30 [INFO] [AUTH] Entrega registrada en sistema
2026-03-04 08:41:53 [INFO] [AUTH] Entrega registrada en sistema
2026-05-10 15:51:24 [WARN] [SCHEDULER] Conexión a MongoDB establecida
2025-06-24 19:49:11 [INFO] [DB_SYNC] Entrega registrada en sistema
2025-09-27 19:08:03 [DEBUG] [AUTH] Error de conexión con sensor
2025-07-13 15:17:37 [ERROR] [MONITOR] Entrega registrada en sistema
2025-07-07 21:52:56 [ERROR] [DB_SYNC] Vehículo fuera de ruta detectado
2025-07-07 19:25:25 [INFO] [MONITOR] Error de conexión con sensor
2026-05-02 01:00:05 [WARN] [SCHEDULER] Backup diario completado
2025-06-21 09:33:13 [INFO] [DELIVERY] Conexión a MongoDB establecida
2025-12-29 20:43:33 [ERROR] [MONITOR] Error de conexión con sensor
2026-05-14 05:05:54 [INFO] [SCHEDULER] GPS sync generado exitosamente
2026-01-11 23:54:58 [INFO] [DELIVERY] Backup diario completado
2025-06-14 04:11:19 [INFO] [DELIVERY] Alerta de velocidad excedida
2026-05-01 19:15:39 [WARN] [DB_SYNC] Error de conexión con sensor
2025-06-30 11:38:35 [ERROR] [AUTH] Alerta de velocidad excedida
2025-04-17 06:05:59 [INFO] [DB_SYNC] Vehículo fuera de ruta detectado
2025-12-05 22:52:42 [ERROR] [AUTH] Error de conexión con sensor
2025-04-27 21:01:58 [ERROR] [GPS_TRACKER] Orden procesada correctamente
2025-04-23 09:58:03 [INFO] [DB_SYNC] Asignación de ruta completada
2025-11-18 09:43:03 [INFO] [DELIVERY] Conexión a MongoDB establecida
2026-04-10 23:42:36 [INFO] [DELIVERY] Alerta de velocidad excedida
2025-07-23 16:51:48 [INFO] [MONITOR] Orden procesada correctamente
2025-05-18 11:38:29 [INFO] [GPS_TRACKER] Asignación de ruta completada
2025-05-11 19:59:00 [INFO] [GPS_TRACKER] Error de conexión con sensor
2025-04-30 11:27:05 [INFO] [DB_SYNC] Alerta de velocidad excedida
2026-01-01 04:24:15 [INFO] [MONITOR] Asignación de ruta completada
2025-02-28 00:57:08 [INFO] [DB_SYNC] Error de conexión con sensor
2025-11-22 11:30:38 [ERROR] [MONITOR] Backup diario completado
2026-03-16 07:16:01 [INFO] [DELIVERY] Usuario autenticado correctamente
2025-11-25 17:02:41 [ERROR] [DB_SYNC] Alerta de velocidad excedida
2026-04-08 23:50:26 [INFO] [GPS_TRACKER] Conexión a MongoDB establecida
2026-05-08 14:48:46 [INFO] [SCHEDULER] Error de conexión con sensor
2025-10-07 02:49:25 [ERROR] [AUTH] Backup diario completado
2025-10-16 09:13:45 [INFO] [AUTH] Alerta de velocidad excedida
2025-02-14 23:45:16 [INFO] [GPS_TRACKER] Conexión a MongoDB establecida
2025-01-08 06:52:34 [WARN] [DELIVERY] Entrega registrada en sistema
2025-04-25 17:23:39 [WARN] [DELIVERY] Conexión a MongoDB establecida
2025-07-31 15:54:25 [DEBUG] [AUTH] Vehículo fuera de ruta detectado
2025-09-12 05:25:32 [INFO] [GPS_TRACKER] Usuario autenticado correctamente
2025-03-02 05:17:44 [INFO] [MONITOR] GPS sync generado exitosamente
2026-03-27 08:35:45 [WARN] [DELIVERY] Asignación de ruta completada
2026-05-15 22:52:31 [INFO] [SCHEDULER] Alerta de velocidad excedida
2025-08-14 12:46:41 [INFO] [AUTH] GPS sync generado exitosamente
2025-01-28 22:29:34 [ERROR] [GPS_TRACKER] Alerta de velocidad excedida
2025-06-18 01:04:13 [WARN] [DELIVERY] Error de conexión con sensor
2025-06-15 02:41:00 [INFO] [GPS_TRACKER] Error de conexión con sensor
2025-10-22 13:02:33 [INFO] [DELIVERY] Asignación de ruta completada
2025-04-07 16:54:30 [INFO] [GPS_TRACKER] Alerta de velocidad excedida
2026-02-19 01:16:50 [INFO] [MONITOR] Vehículo fuera de ruta detectado
2025-11-14 12:42:52 [INFO] [DELIVERY] Backup diario completado
2025-12-28 06:24:23 [DEBUG] [MONITOR] Conexión a MongoDB establecida
2026-02-23 11:34:29 [INFO] [GPS_TRACKER] Vehículo fuera de ruta detectado
2025-11-22 03:01:01 [WARN] [AUTH] Usuario autenticado correctamente
2025-04-28 11:24:39 [WARN] [DB_SYNC] Backup diario completado
2025-08-24 06:52:48 [INFO] [SCHEDULER] Conexión a MongoDB establecida
2025-02-07 14:09:03 [DEBUG] [GPS_TRACKER] Entrega registrada en sistema
2025-01-06 07:15:39 [ERROR] [DELIVERY] Entrega registrada en sistema
2025-07-15 17:09:13 [WARN] [MONITOR] Conexión a MongoDB establecida
2025-02-19 18:34:15 [INFO] [DB_SYNC] Entrega registrada en sistema
2025-09-11 06:37:11 [INFO] [DELIVERY] Alerta de velocidad excedida
2026-03-20 09:42:01 [ERROR] [GPS_TRACKER] Vehículo fuera de ruta detectado
2025-11-21 19:51:24 [INFO] [DB_SYNC] Backup diario completado
2026-03-18 18:08:54 [ERROR] [SCHEDULER] Alerta de velocidad excedida
2025-05-04 15:24:03 [INFO] [AUTH] Error de conexión con sensor
2026-05-09 04:28:56 [INFO] [AUTH] GPS sync generado exitosamente
2025-11-28 17:34:49 [ERROR] [SCHEDULER] Alerta de velocidad excedida
2025-01-28 09:13:57 [ERROR] [SCHEDULER] GPS sync generado exitosamente
2025-07-23 01:00:54 [WARN] [DB_SYNC] Backup diario completado
2025-09-02 18:25:56 [DEBUG] [DELIVERY] Error de conexión con sensor
2026-04-19 13:53:50 [WARN] [MONITOR] Alerta de velocidad excedida
2025-11-06 15:47:20 [DEBUG] [DB_SYNC] Usuario autenticado correctamente
2025-03-31 10:16:51 [WARN] [GPS_TRACKER] Backup diario completado
2025-09-03 05:13:24 [INFO] [MONITOR] Alerta de velocidad excedida
2025-01-06 13:11:43 [WARN] [GPS_TRACKER] Usuario autenticado correctamente
2025-03-03 05:39:13 [INFO] [DB_SYNC] Error de conexión con sensor
2025-01-16 08:53:10 [INFO] [GPS_TRACKER] Conexión a MongoDB establecida
2025-01-21 15:57:10 [WARN] [DELIVERY] Entrega registrada en sistema
2025-03-11 14:50:57 [INFO] [GPS_TRACKER] Backup diario completado
2025-12-05 20:46:16 [INFO] [DELIVERY] Vehículo fuera de ruta detectado
2025-04-27 10:28:05 [INFO] [SCHEDULER] Asignación de ruta completada
2025-06-04 05:19:20 [WARN] [AUTH] Orden procesada correctamente
2025-12-28 17:12:55 [WARN] [AUTH] GPS sync generado exitosamente
2025-08-19 23:23:05 [WARN] [SCHEDULER] Vehículo fuera de ruta detectado
2026-01-14 08:21:33 [WARN] [GPS_TRACKER] Conexión a MongoDB establecida
2025-07-05 06:46:35 [INFO] [MONITOR] Alerta de velocidad excedida
2025-05-13 08:34:29 [INFO] [GPS_TRACKER] Usuario autenticado correctamente
2026-05-11 09:24:51 [WARN] [SCHEDULER] Conexión a MongoDB establecida
2025-12-15 03:43:45 [INFO] [DELIVERY] Error de conexión con sensor
2026-05-05 23:14:21 [INFO] [AUTH] Entrega registrada en sistema
2025-11-20 04:35:53 [INFO] [AUTH] Alerta de velocidad excedida
2025-08-26 14:23:57 [WARN] [DB_SYNC] GPS sync generado exitosamente
2025-04-28 04:43:14 [INFO] [AUTH] Usuario autenticado correctamente
2025-08-05 21:59:19 [ERROR] [AUTH] Usuario autenticado correctamente
2025-09-17 15:11:50 [WARN] [SCHEDULER] Backup diario completado
2025-03-19 15:41:43 [WARN] [DB_SYNC] GPS sync generado exitosamente
2025-11-13 08:14:36 [INFO] [MONITOR] Asignación de ruta completada
2025-12-25 19:12:40 [DEBUG] [GPS_TRACKER] Entrega registrada en sistema
2025-03-04 03:52:55 [WARN] [GPS_TRACKER] GPS sync generado exitosamente
2026-03-23 10:53:25 [INFO] [DB_SYNC] Entrega registrada en sistema
2026-01-21 03:32:54 [INFO] [DB_SYNC] Asignación de ruta completada
2025-06-10 11:26:42 [WARN] [GPS_TRACKER] Orden procesada correctamente
2025-03-11 19:15:35 [WARN] [DB_SYNC] Alerta de velocidad excedida
2025-04-11 09:53:16 [INFO] [SCHEDULER] Backup diario completado
2025-02-22 04:59:02 [DEBUG] [DB_SYNC] Asignación de ruta completada
2025-03-21 11:34:44 [INFO] [SCHEDULER] Vehículo fuera de ruta detectado
2026-05-13 07:03:47 [INFO] [GPS_TRACKER] GPS sync generado exitosamente
2025-11-13 22:41:47 [INFO] [DELIVERY] Alerta de velocidad excedida
2025-06-16 21:03:17 [INFO] [DELIVERY] Alerta de velocidad excedida
2026-04-28 11:06:32 [ERROR] [DB_SYNC] Conexión a MongoDB establecida
2025-04-29 12:14:50 [DEBUG] [SCHEDULER] Asignación de ruta completada
2025-07-27 10:44:52 [INFO] [GPS_TRACKER] Orden procesada correctamente
2025-04-17 07:27:20 [INFO] [DB_SYNC] GPS sync generado exitosamente
2026-04-09 01:13:25 [INFO] [GPS_TRACKER] Entrega registrada en sistema
2026-04-30 18:58:29 [INFO] [DB_SYNC] Entrega registrada en sistema
2025-12-14 10:22:03 [INFO] [DELIVERY] Backup diario completado
2026-02-11 17:16:16 [ERROR] [AUTH] Conexión a MongoDB establecida
2025-07-23 04:49:21 [INFO] [DELIVERY] Conexión a MongoDB establecida
2026-03-29 06:31:20 [INFO] [AUTH] Vehículo fuera de ruta detectado
2025-04-13 03:56:58 [WARN] [SCHEDULER] Error de conexión con sensor
2025-04-04 16:07:32 [DEBUG] [SCHEDULER] Conexión a MongoDB establecida
2026-03-01 21:20:26 [ERROR] [GPS_TRACKER] Asignación de ruta completada
2025-08-13 00:10:47 [WARN] [AUTH] Asignación de ruta completada
2025-08-13 23:46:54 [ERROR] [SCHEDULER] Usuario autenticado correctamente
2026-05-04 17:49:13 [INFO] [GPS_TRACKER] Asignación de ruta completada
2025-04-11 20:46:55 [WARN] [AUTH] Alerta de velocidad excedida
2025-03-10 14:01:33 [INFO] [DB_SYNC] Backup diario completado
2025-11-26 01:06:50 [INFO] [GPS_TRACKER] Backup diario completado
2025-03-15 22:42:59 [WARN] [MONITOR] Usuario autenticado correctamente
2025-07-09 06:05:22 [ERROR] [GPS_TRACKER] Asignación de ruta completada
2025-09-24 04:10:20 [INFO] [DELIVERY] Entrega registrada en sistema
2025-04-07 10:16:09 [WARN] [SCHEDULER] Alerta de velocidad excedida
2025-06-22 12:57:52 [DEBUG] [DELIVERY] Alerta de velocidad excedida
2026-03-22 15:14:06 [INFO] [SCHEDULER] Error de conexión con sensor
2025-03-19 00:25:52 [DEBUG] [DB_SYNC] GPS sync generado exitosamente
2025-06-24 03:30:10 [INFO] [GPS_TRACKER] Asignación de ruta completada
2025-09-30 17:20:43 [INFO] [SCHEDULER] Alerta de velocidad excedida
2025-12-26 21:59:40 [INFO] [AUTH] GPS sync generado exitosamente
2025-06-11 22:49:56 [INFO] [MONITOR] Alerta de velocidad excedida
2025-12-15 01:57:38 [WARN] [DELIVERY] Backup diario completado
2026-03-15 02:42:43 [WARN] [SCHEDULER] Conexión a MongoDB establecida
2025-06-25 10:12:22 [INFO] [AUTH] Backup diario completado
2026-01-16 21:07:49 [INFO] [SCHEDULER] Entrega registrada en sistema
2026-05-04 15:49:11 [INFO] [DB_SYNC] Conexión a MongoDB establecida
2025-02-06 17:53:18 [INFO] [AUTH] Alerta de velocidad excedida
2025-06-02 16:31:06 [INFO] [GPS_TRACKER] Usuario autenticado correctamente
2026-02-12 15:23:28 [INFO] [AUTH] Conexión a MongoDB establecida
2025-01-20 01:22:07 [ERROR] [DB_SYNC] Usuario autenticado correctamente
2025-04-10 19:48:31 [INFO] [AUTH] Orden procesada correctamente
2025-01-02 05:19:21 [ERROR] [MONITOR] Conexión a MongoDB establecida
2025-09-01 08:39:54 [WARN] [AUTH] Conexión a MongoDB establecida
2026-01-18 20:30:03 [ERROR] [DELIVERY] Vehículo fuera de ruta detectado
2025-06-26 05:09:59 [INFO] [DB_SYNC] GPS sync generado exitosamente
2025-04-25 23:44:53 [DEBUG] [SCHEDULER] Vehículo fuera de ruta detectado
2026-04-22 11:23:47 [INFO] [AUTH] Alerta de velocidad excedida
2026-02-11 06:42:47 [INFO] [MONITOR] Error de conexión con sensor
2025-10-15 12:44:56 [INFO] [GPS_TRACKER] Backup diario completado
2026-01-18 13:35:36 [INFO] [DELIVERY] GPS sync generado exitosamente
2025-10-26 14:16:33 [WARN] [SCHEDULER] Asignación de ruta completada
2025-08-11 19:45:19 [INFO] [DB_SYNC] Vehículo fuera de ruta detectado
2025-10-12 01:39:40 [ERROR] [MONITOR] Usuario autenticado correctamente
2026-03-12 08:27:12 [INFO] [DB_SYNC] Orden procesada correctamente
2026-02-24 19:53:42 [INFO] [SCHEDULER] Orden procesada correctamente
2026-03-22 07:52:45 [WARN] [MONITOR] Entrega registrada en sistema
2025-08-10 11:32:22 [WARN] [GPS_TRACKER] GPS sync generado exitosamente
2025-01-06 20:17:02 [INFO] [DB_SYNC] Conexión a MongoDB establecida
2025-07-18 13:02:31 [INFO] [SCHEDULER] Backup diario completado
2025-12-11 17:46:55 [WARN] [AUTH] Conexión a MongoDB establecida
2025-09-13 20:01:14 [WARN] [AUTH] Alerta de velocidad excedida
2025-05-11 08:26:13 [INFO] [DELIVERY] Conexión a MongoDB establecida
2025-05-06 21:55:59 [INFO] [DELIVERY] Usuario autenticado correctamente
2025-07-31 20:23:12 [WARN] [MONITOR] GPS sync generado exitosamente
2026-01-12 06:57:06 [INFO] [DB_SYNC] Conexión a MongoDB establecida
2025-02-14 00:43:58 [INFO] [AUTH] GPS sync generado exitosamente
2025-01-23 11:33:07 [WARN] [DB_SYNC] Entrega registrada en sistema
2025-07-03 21:51:27 [INFO] [DELIVERY] Asignación de ruta completada
2026-04-21 11:24:31 [INFO] [DB_SYNC] Backup diario completado
2025-12-15 09:41:59 [INFO] [AUTH] Backup diario completado
2025-09-21 13:08:56 [INFO] [DELIVERY] Usuario autenticado correctamente
2025-02-15 03:53:50 [DEBUG] [GPS_TRACKER] Alerta de velocidad excedida
2025-12-03 05:44:28 [ERROR] [AUTH] Orden procesada correctamente
2026-02-19 07:28:30 [INFO] [DB_SYNC] Orden procesada correctamente
2025-11-18 18:09:45 [INFO] [SCHEDULER] Conexión a MongoDB establecida
2025-04-15 11:40:19 [WARN] [AUTH] Error de conexión con sensor
2025-01-13 00:10:59 [INFO] [GPS_TRACKER] GPS sync generado exitosamente
2025-07-22 14:32:56 [ERROR] [MONITOR] Conexión a MongoDB establecida
2025-05-21 06:52:25 [ERROR] [MONITOR] Backup diario completado
2026-01-07 17:03:07 [INFO] [MONITOR] Conexión a MongoDB establecida
2025-05-13 08:29:51 [ERROR] [SCHEDULER] Error de conexión con sensor
2026-03-07 15:26:20 [WARN] [DELIVERY] Orden procesada correctamente
2025-11-09 10:46:18 [INFO] [DELIVERY] Orden procesada correctamente
2026-02-20 18:18:57 [INFO] [AUTH] Error de conexión con sensor
2026-01-21 02:49:25 [WARN] [SCHEDULER] Entrega registrada en sistema
2026-04-25 13:08:40 [INFO] [DELIVERY] Asignación de ruta completada
2025-01-16 12:45:35 [INFO] [DB_SYNC] Alerta de velocidad excedida
2025-11-13 14:55:51 [INFO] [GPS_TRACKER] GPS sync generado exitosamente
2025-03-30 15:01:54 [WARN] [GPS_TRACKER] Backup diario completado
2026-04-23 12:27:43 [DEBUG] [GPS_TRACKER] Error de conexión con sensor
2026-01-30 13:06:01 [WARN] [SCHEDULER] GPS sync generado exitosamente
2026-02-11 10:46:43 [INFO] [GPS_TRACKER] Entrega registrada en sistema
2025-09-13 07:00:18 [WARN] [AUTH] Conexión a MongoDB establecida
2026-05-15 03:25:46 [WARN] [DELIVERY] Conexión a MongoDB establecida
2025-09-28 10:30:06 [INFO] [AUTH] Entrega registrada en sistema
2026-05-07 09:54:48 [WARN] [AUTH] Asignación de ruta completada
2025-02-12 04:16:50 [INFO] [GPS_TRACKER] Backup diario completado
2025-02-21 02:33:49 [ERROR] [GPS_TRACKER] Conexión a MongoDB establecida
2025-08-01 13:33:24 [INFO] [DELIVERY] Entrega registrada en sistema
2025-05-04 17:38:59 [INFO] [SCHEDULER] Conexión a MongoDB establecida
2025-09-28 23:51:11 [WARN] [SCHEDULER] Error de conexión con sensor
2026-03-28 09:17:12 [INFO] [AUTH] Entrega registrada en sistema
2026-03-11 14:30:52 [INFO] [SCHEDULER] Orden procesada correctamente
2026-03-31 01:45:20 [WARN] [DELIVERY] Asignación de ruta completada
2025-05-28 08:28:54 [INFO] [AUTH] Vehículo fuera de ruta detectado
2025-10-02 18:28:11 [INFO] [GPS_TRACKER] Backup diario completado
2026-03-12 09:30:57 [WARN] [DB_SYNC] Error de conexión con sensor
2025-12-22 04:38:58 [WARN] [AUTH] GPS sync generado exitosamente
2025-12-11 05:41:29 [INFO] [AUTH] Vehículo fuera de ruta detectado
2026-05-01 07:01:07 [INFO] [MONITOR] Usuario autenticado correctamente
2025-02-09 13:03:40 [INFO] [GPS_TRACKER] Alerta de velocidad excedida
2025-08-21 10:29:04 [INFO] [SCHEDULER] Vehículo fuera de ruta detectado
2025-02-01 07:46:26 [WARN] [DELIVERY] Backup diario completado
2025-01-04 17:45:25 [INFO] [SCHEDULER] Conexión a MongoDB establecida
2026-05-13 02:33:27 [INFO] [SCHEDULER] Entrega registrada en sistema
2025-04-27 20:29:56 [WARN] [GPS_TRACKER] Error de conexión con sensor
2025-02-03 00:00:43 [WARN] [GPS_TRACKER] Usuario autenticado correctamente
2025-11-06 00:41:19 [INFO] [AUTH] Asignación de ruta completada
2025-08-05 16:34:14 [ERROR] [AUTH] Alerta de velocidad excedida
2025-09-18 10:34:20 [INFO] [MONITOR] Entrega registrada en sistema
2025-02-28 09:05:42 [INFO] [MONITOR] Entrega registrada en sistema
2025-08-03 04:34:15 [INFO] [AUTH] Entrega registrada en sistema
2026-02-11 06:28:11 [INFO] [SCHEDULER] Usuario autenticado correctamente
2025-06-28 03:21:41 [DEBUG] [GPS_TRACKER] Entrega registrada en sistema
2025-03-09 13:17:51 [INFO] [DB_SYNC] Orden procesada correctamente
2026-03-19 10:08:48 [INFO] [DB_SYNC] Asignación de ruta completada
2026-01-15 08:23:52 [INFO] [AUTH] Vehículo fuera de ruta detectado
2025-01-06 12:04:08 [ERROR] [MONITOR] Vehículo fuera de ruta detectado
2025-10-12 10:27:22 [INFO] [GPS_TRACKER] Vehículo fuera de ruta detectado
2026-05-10 03:27:58 [INFO] [DB_SYNC] Asignación de ruta completada
2025-06-05 10:00:07 [WARN] [DELIVERY] GPS sync generado exitosamente
2025-04-16 21:08:53 [INFO] [MONITOR] Backup diario completado
2025-10-24 09:36:50 [ERROR] [DB_SYNC] Error de conexión con sensor
2025-12-29 14:45:26 [INFO] [AUTH] Conexión a MongoDB establecida
2025-12-09 02:09:23 [ERROR] [DB_SYNC] Vehículo fuera de ruta detectado
2026-02-02 13:18:14 [INFO] [AUTH] Vehículo fuera de ruta detectado
2026-01-07 11:08:59 [WARN] [GPS_TRACKER] Conexión a MongoDB establecida
2026-01-05 11:27:09 [INFO] [DELIVERY] Orden procesada correctamente
2025-08-05 05:19:16 [INFO] [DELIVERY] Error de conexión con sensor
2025-08-21 23:20:46 [INFO] [GPS_TRACKER] Conexión a MongoDB establecida
2025-02-15 18:26:34 [INFO] [SCHEDULER] Vehículo fuera de ruta detectado
2025-10-30 16:04:32 [INFO] [DB_SYNC] Error de conexión con sensor
2025-05-29 07:00:56 [DEBUG] [DELIVERY] Conexión a MongoDB establecida
2025-03-10 23:38:43 [WARN] [GPS_TRACKER] GPS sync generado exitosamente
2025-06-28 17:05:55 [INFO] [DELIVERY] Alerta de velocidad excedida
2025-03-30 02:11:43 [INFO] [AUTH] Asignación de ruta completada
2025-01-09 00:11:01 [ERROR] [DELIVERY] Alerta de velocidad excedida
2025-05-02 22:40:58 [INFO] [DELIVERY] Vehículo fuera de ruta detectado
2025-09-15 00:30:13 [INFO] [AUTH] Usuario autenticado correctamente
2025-03-08 15:00:12 [WARN] [MONITOR] Conexión a MongoDB establecida
2025-12-29 10:49:12 [INFO] [AUTH] GPS sync generado exitosamente
2026-05-04 16:00:48 [WARN] [MONITOR] GPS sync generado exitosamente
2025-01-04 14:30:37 [INFO] [GPS_TRACKER] Conexión a MongoDB establecida
2026-05-08 22:49:23 [DEBUG] [GPS_TRACKER] Usuario autenticado correctamente
2026-01-17 18:52:07 [INFO] [DELIVERY] Vehículo fuera de ruta detectado
2026-02-08 17:00:35 [INFO] [GPS_TRACKER] Orden procesada correctamente
2025-06-28 03:24:07 [INFO] [SCHEDULER] Conexión a MongoDB establecida
2026-05-02 01:03:51 [INFO] [AUTH] Conexión a MongoDB establecida
2026-04-25 04:11:00 [ERROR] [SCHEDULER] Conexión a MongoDB establecida
2026-01-05 15:08:58 [INFO] [AUTH] Vehículo fuera de ruta detectado
2025-07-24 17:44:36 [WARN] [AUTH] Backup diario completado
2025-07-12 12:18:56 [INFO] [DB_SYNC] Entrega registrada en sistema
2025-03-18 16:15:52 [WARN] [DB_SYNC] Vehículo fuera de ruta detectado
2025-03-14 06:05:49 [INFO] [SCHEDULER] Entrega registrada en sistema
2025-11-25 05:21:55 [INFO] [DB_SYNC] Conexión a MongoDB establecida
2025-11-10 21:52:54 [INFO] [DB_SYNC] Vehículo fuera de ruta detectado
2025-12-24 10:29:18 [ERROR] [MONITOR] Asignación de ruta completada
2025-01-08 19:58:28 [INFO] [DB_SYNC] Vehículo fuera de ruta detectado
2026-03-14 20:17:24 [DEBUG] [AUTH] Usuario autenticado correctamente
2026-01-02 19:38:18 [INFO] [SCHEDULER] Entrega registrada en sistema
2026-03-29 04:40:50 [INFO] [GPS_TRACKER] Entrega registrada en sistema
2026-03-16 16:13:46 [DEBUG] [GPS_TRACKER] Asignación de ruta completada
2026-04-05 09:10:09 [INFO] [GPS_TRACKER] Backup diario completado
2026-05-03 23:46:48 [INFO] [SCHEDULER] Error de conexión con sensor
2026-04-14 03:46:17 [INFO] [GPS_TRACKER] Error de conexión con sensor
2025-09-27 05:08:14 [WARN] [MONITOR] Usuario autenticado correctamente
2025-06-16 02:27:44 [INFO] [GPS_TRACKER] Vehículo fuera de ruta detectado
2025-05-08 16:25:22 [WARN] [MONITOR] Orden procesada correctamente
2025-12-10 17:58:07 [INFO] [DB_SYNC] Conexión a MongoDB establecida
2025-02-08 22:47:32 [WARN] [GPS_TRACKER] Orden procesada correctamente
2026-04-19 11:49:25 [DEBUG] [DELIVERY] Asignación de ruta completada
2025-09-19 10:28:13 [INFO] [GPS_TRACKER] Usuario autenticado correctamente
2026-02-28 09:57:01 [ERROR] [AUTH] Usuario autenticado correctamente
2026-03-31 18:59:29 [INFO] [MONITOR] Usuario autenticado correctamente
2026-04-19 00:11:21 [INFO] [MONITOR] Error de conexión con sensor
2025-08-12 17:16:50 [WARN] [DB_SYNC] Orden procesada correctamente
2025-08-23 16:43:43 [INFO] [DB_SYNC] Backup diario completado
2025-10-29 18:47:21 [DEBUG] [AUTH] Entrega registrada en sistema
2026-04-24 00:55:18 [WARN] [MONITOR] Orden procesada correctamente
2025-04-11 02:29:42 [WARN] [DELIVERY] Orden procesada correctamente
2025-04-29 11:10:02 [INFO] [MONITOR] Alerta de velocidad excedida
2025-06-29 07:00:43 [INFO] [AUTH] Backup diario completado
2025-12-28 09:23:38 [WARN] [MONITOR] Entrega registrada en sistema
2026-01-29 06:17:10 [WARN] [DELIVERY] Orden procesada correctamente
2025-05-15 16:04:24 [INFO] [MONITOR] Alerta de velocidad excedida
2025-11-08 01:33:44 [DEBUG] [MONITOR] Conexión a MongoDB establecida
2025-03-14 14:32:37 [ERROR] [AUTH] Asignación de ruta completada
2025-03-05 20:48:47 [ERROR] [DB_SYNC] Orden procesada correctamente
2026-01-07 23:25:47 [ERROR] [DELIVERY] Alerta de velocidad excedida
2026-05-02 07:03:56 [INFO] [AUTH] Conexión a MongoDB establecida
2025-10-19 05:33:41 [WARN] [DELIVERY] GPS sync generado exitosamente
2025-02-17 10:59:28 [INFO] [MONITOR] Conexión a MongoDB establecida
2025-12-03 16:59:21 [WARN] [AUTH] GPS sync generado exitosamente
2025-02-28 15:00:12 [INFO] [GPS_TRACKER] Backup diario completado
2025-09-24 04:03:05 [DEBUG] [DB_SYNC] Entrega registrada en sistema
2025-01-26 11:44:21 [INFO] [GPS_TRACKER] Conexión a MongoDB establecida
2025-01-06 13:59:19 [INFO] [DB_SYNC] Alerta de velocidad excedida
2025-07-07 00:30:36 [DEBUG] [DELIVERY] Conexión a MongoDB establecida
2026-03-05 23:06:37 [INFO] [DELIVERY] Alerta de velocidad excedida
2025-05-17 02:41:34 [INFO] [MONITOR] Vehículo fuera de ruta detectado
2025-12-13 11:47:33 [INFO] [AUTH] Vehículo fuera de ruta detectado
2025-03-15 12:31:02 [INFO] [AUTH] Error de conexión con sensor
2025-02-21 21:37:33 [DEBUG] [DELIVERY] GPS sync generado exitosamente
2025-05-15 23:10:26 [WARN] [DELIVERY] Asignación de ruta completada
2025-06-29 10:31:08 [INFO] [DB_SYNC] Asignación de ruta completada
2025-02-24 14:39:10 [INFO] [AUTH] Backup diario completado
2025-09-24 16:29:50 [INFO] [SCHEDULER] Vehículo fuera de ruta detectado
2025-01-21 20:32:10 [INFO] [GPS_TRACKER] Asignación de ruta completada
2025-04-10 22:06:33 [DEBUG] [AUTH] Conexión a MongoDB establecida
2025-03-25 03:29:26 [INFO] [GPS_TRACKER] GPS sync generado exitosamente
2025-01-13 14:49:33 [INFO] [MONITOR] Asignación de ruta completada
2025-03-07 05:29:12 [WARN] [MONITOR] Entrega registrada en sistema
2025-01-25 17:03:42 [WARN] [SCHEDULER] Orden procesada correctamente
2025-10-16 12:44:54 [WARN] [SCHEDULER] Vehículo fuera de ruta detectado
2025-03-25 00:30:41 [DEBUG] [MONITOR] Usuario autenticado correctamente
2025-06-22 16:08:59 [INFO] [DB_SYNC] Vehículo fuera de ruta detectado
2026-03-14 22:33:43 [WARN] [AUTH] Entrega registrada en sistema
2025-03-02 02:13:15 [INFO] [GPS_TRACKER] Conexión a MongoDB establecida
2025-11-30 11:02:04 [WARN] [DELIVERY] Entrega registrada en sistema
2025-09-20 16:02:13 [INFO] [MONITOR] Usuario autenticado correctamente
2026-03-09 22:12:12 [ERROR] [AUTH] Backup diario completado
2026-02-27 14:01:22 [DEBUG] [SCHEDULER] Usuario autenticado correctamente
2025-03-26 16:27:35 [INFO] [GPS_TRACKER] Vehículo fuera de ruta detectado
2026-03-03 10:16:17 [INFO] [GPS_TRACKER] GPS sync generado exitosamente
2025-06-26 01:10:14 [DEBUG] [DELIVERY] Error de conexión con sensor
2025-05-21 05:17:37 [WARN] [DB_SYNC] Alerta de velocidad excedida
2026-01-01 06:55:46 [INFO] [SCHEDULER] Entrega registrada en sistema
2025-12-01 02:59:35 [WARN] [MONITOR] Usuario autenticado correctamente
2026-01-07 18:05:28 [INFO] [MONITOR] Orden procesada correctamente
2026-01-21 08:42:09 [WARN] [SCHEDULER] Conexión a MongoDB establecida
2025-08-30 20:22:10 [INFO] [DELIVERY] Usuario autenticado correctamente
2025-11-05 03:29:54 [INFO] [DELIVERY] Orden procesada correctamente
2025-01-18 13:30:39 [INFO] [SCHEDULER] Asignación de ruta completada
2025-02-06 00:06:15 [INFO] [SCHEDULER] GPS sync generado exitosamente
2025-05-08 02:01:35 [INFO] [AUTH] GPS sync generado exitosamente
2025-11-14 00:31:42 [INFO] [MONITOR] Usuario autenticado correctamente
2026-02-28 12:26:03 [INFO] [SCHEDULER] GPS sync generado exitosamente
2025-01-26 02:29:58 [INFO] [GPS_TRACKER] Error de conexión con sensor
2025-10-25 01:17:16 [ERROR] [AUTH] Vehículo fuera de ruta detectado
2025-06-23 20:48:40 [INFO] [SCHEDULER] Asignación de ruta completada
2025-12-15 14:23:05 [INFO] [DELIVERY] Error de conexión con sensor
2025-08-04 20:39:16 [INFO] [DB_SYNC] Error de conexión con sensor
2025-10-21 12:04:16 [ERROR] [SCHEDULER] Orden procesada correctamente
2026-01-17 05:59:09 [WARN] [SCHEDULER] Backup diario completado
2026-02-06 07:04:29 [DEBUG] [DB_SYNC] Orden procesada correctamente
2026-04-26 14:45:45 [DEBUG] [DELIVERY] Entrega registrada en sistema
2025-12-19 06:53:30 [INFO] [DELIVERY] Asignación de ruta completada
2026-02-06 01:15:18 [INFO] [SCHEDULER] Entrega registrada en sistema
2025-07-29 13:05:14 [INFO] [AUTH] Conexión a MongoDB establecida
2025-12-11 15:39:31 [WARN] [SCHEDULER] Conexión a MongoDB establecida
2025-11-06 22:51:58 [INFO] [DB_SYNC] Usuario autenticado correctamente
2026-03-29 06:57:55 [INFO] [DELIVERY] Asignación de ruta completada
2025-07-19 23:31:33 [INFO] [DELIVERY] Error de conexión con sensor
2025-12-29 13:16:57 [DEBUG] [DELIVERY] Asignación de ruta completada
2025-06-11 15:04:16 [DEBUG] [MONITOR] Conexión a MongoDB establecida
2025-02-26 05:44:38 [ERROR] [GPS_TRACKER] Vehículo fuera de ruta detectado
2026-04-14 03:10:39 [WARN] [DB_SYNC] Orden procesada correctamente
2025-03-22 23:43:14 [INFO] [AUTH] Orden procesada correctamente
2026-04-18 23:09:27 [DEBUG] [GPS_TRACKER] Backup diario completado
2025-11-07 01:09:49 [WARN] [DELIVERY] Error de conexión con sensor
2025-11-20 14:51:32 [INFO] [GPS_TRACKER] Backup diario completado
2025-08-03 07:00:58 [INFO] [SCHEDULER] Conexión a MongoDB establecida
2025-04-27 22:21:29 [INFO] [MONITOR] GPS sync generado exitosamente
2025-04-21 05:47:08 [INFO] [GPS_TRACKER] Backup diario completado
2025-05-30 17:39:55 [INFO] [DELIVERY] Alerta de velocidad excedida
2025-10-12 05:32:32 [INFO] [DELIVERY] Conexión a MongoDB establecida
2025-01-27 09:24:11 [INFO] [DELIVERY] Error de conexión con sensor
2025-10-03 09:05:51 [DEBUG] [SCHEDULER] Error de conexión con sensor
2025-01-16 04:22:23 [INFO] [DELIVERY] Error de conexión con sensor
2025-02-06 03:47:45 [INFO] [DB_SYNC] Vehículo fuera de ruta detectado
2026-02-24 11:20:46 [INFO] [DELIVERY] Conexión a MongoDB establecida
2025-08-20 01:14:59 [INFO] [MONITOR] Error de conexión con sensor
2025-12-03 23:27:51 [INFO] [AUTH] Error de conexión con sensor
2026-02-01 09:24:15 [DEBUG] [SCHEDULER] Alerta de velocidad excedida
2025-06-16 02:01:12 [WARN] [MONITOR] Orden procesada correctamente
2026-04-30 18:07:27 [INFO] [AUTH] GPS sync generado exitosamente
2025-10-25 05:45:20 [INFO] [GPS_TRACKER] Backup diario completado
2025-04-12 13:50:49 [WARN] [AUTH] Usuario autenticado correctamente
2025-11-07 00:47:04 [WARN] [AUTH] Conexión a MongoDB establecida
2026-04-06 02:41:32 [INFO] [DB_SYNC] Alerta de velocidad excedida
2025-05-29 18:21:59 [WARN] [DB_SYNC] Error de conexión con sensor
2025-02-05 09:02:13 [INFO] [MONITOR] Alerta de velocidad excedida
2026-05-08 21:07:43 [INFO] [AUTH] Entrega registrada en sistema
2025-10-19 01:15:43 [INFO] [SCHEDULER] Vehículo fuera de ruta detectado
2025-07-08 06:16:42 [WARN] [DELIVERY] Entrega registrada en sistema
2025-12-15 16:43:18 [ERROR] [SCHEDULER] Entrega registrada en sistema
2025-05-07 13:55:17 [INFO] [AUTH] Usuario autenticado correctamente
2025-10-13 04:12:59 [INFO] [DELIVERY] Error de conexión con sensor
2025-06-13 10:09:30 [DEBUG] [GPS_TRACKER] Asignación de ruta completada
2025-05-04 20:26:22 [INFO] [DELIVERY] Asignación de ruta completada
2025-10-22 11:10:40 [WARN] [MONITOR] Entrega registrada en sistema
2025-03-16 05:03:56 [INFO] [AUTH] Entrega registrada en sistema
2025-08-14 01:27:00 [INFO] [MONITOR] Backup diario completado
2025-05-07 08:52:34 [WARN] [DELIVERY] Alerta de velocidad excedida
2025-05-28 02:14:44 [INFO] [AUTH] Vehículo fuera de ruta detectado
2025-07-08 00:52:29 [INFO] [DELIVERY] Orden procesada correctamente
2025-03-13 17:44:03 [WARN] [AUTH] Backup diario completado
2025-10-02 16:36:57 [INFO] [MONITOR] Usuario autenticado correctamente
2025-05-22 05:40:08 [WARN] [DELIVERY] Asignación de ruta completada
2025-08-01 09:00:31 [DEBUG] [AUTH] Error de conexión con sensor
2025-01-06 00:51:56 [INFO] [AUTH] Backup diario completado
2025-12-21 18:10:42 [WARN] [DELIVERY] Error de conexión con sensor
2025-07-20 17:27:09 [INFO] [MONITOR] Vehículo fuera de ruta detectado
2025-05-23 13:20:15 [ERROR] [DB_SYNC] Usuario autenticado correctamente
2025-11-25 10:30:35 [INFO] [AUTH] Orden procesada correctamente
2025-09-07 01:04:45 [INFO] [MONITOR] Conexión a MongoDB establecida
2026-03-16 08:41:46 [INFO] [SCHEDULER] Backup diario completado
2025-07-17 05:06:52 [INFO] [DELIVERY] Entrega registrada en sistema
2025-06-15 18:07:49 [INFO] [MONITOR] Backup diario completado
2025-02-26 06:13:52 [INFO] [AUTH] Entrega registrada en sistema
2025-12-16 07:58:51 [WARN] [DELIVERY] Orden procesada correctamente
2026-04-13 12:29:38 [INFO] [GPS_TRACKER] Vehículo fuera de ruta detectado
2025-02-02 00:53:08 [INFO] [MONITOR] Asignación de ruta completada
2026-03-26 05:07:26 [WARN] [GPS_TRACKER] Error de conexión con sensor
2025-03-24 18:28:38 [WARN] [GPS_TRACKER] GPS sync generado exitosamente
2025-07-03 12:23:41 [INFO] [DB_SYNC] Orden procesada correctamente
2026-04-09 17:26:02 [DEBUG] [GPS_TRACKER] Entrega registrada en sistema
2025-02-22 15:28:49 [ERROR] [AUTH] Entrega registrada en sistema
2025-04-16 00:12:09 [INFO] [SCHEDULER] Conexión a MongoDB establecida
2025-12-11 21:22:52 [INFO] [SCHEDULER] Orden procesada correctamente
2025-01-03 04:49:16 [WARN] [AUTH] Vehículo fuera de ruta detectado
2025-09-27 17:06:43 [ERROR] [SCHEDULER] Conexión a MongoDB establecida
2026-02-23 19:14:42 [INFO] [MONITOR] Usuario autenticado correctamente
2026-03-26 04:13:49 [WARN] [SCHEDULER] Vehículo fuera de ruta detectado
2025-01-12 15:21:20 [INFO] [GPS_TRACKER] Usuario autenticado correctamente
2025-10-24 19:10:22 [INFO] [MONITOR] Conexión a MongoDB establecida
2025-04-15 11:54:08 [INFO] [AUTH] Asignación de ruta completada
2025-09-13 03:23:24 [INFO] [SCHEDULER] GPS sync generado exitosamente
2025-03-22 22:56:43 [INFO] [MONITOR] Vehículo fuera de ruta detectado
2025-04-18 20:13:36 [INFO] [MONITOR] Conexión a MongoDB establecida
2025-02-07 18:59:49 [INFO] [GPS_TRACKER] Orden procesada correctamente
2025-09-20 15:10:18 [DEBUG] [SCHEDULER] Entrega registrada en sistema
2025-03-15 08:00:25 [INFO] [SCHEDULER] Alerta de velocidad excedida
2025-09-28 08:30:05 [INFO] [SCHEDULER] Backup diario completado
2025-04-06 12:14:04 [INFO] [DB_SYNC] Entrega registrada en sistema
2025-06-07 18:59:15 [INFO] [MONITOR] Backup diario completado
2025-06-16 19:28:16 [INFO] [MONITOR] GPS sync generado exitosamente
2025-08-31 05:00:06 [INFO] [GPS_TRACKER] Entrega registrada en sistema
2025-03-08 03:27:38 [DEBUG] [SCHEDULER] Entrega registrada en sistema
2025-05-22 16:41:55 [DEBUG] [AUTH] Orden procesada correctamente
2026-05-03 05:39:05 [INFO] [GPS_TRACKER] Entrega registrada en sistema
2025-06-05 11:49:30 [INFO] [GPS_TRACKER] Orden procesada correctamente
2025-05-26 00:06:25 [INFO] [SCHEDULER] Conexión a MongoDB establecida
2026-01-20 18:11:15 [DEBUG] [AUTH] Asignación de ruta completada
2025-07-28 04:31:38 [DEBUG] [MONITOR] GPS sync generado exitosamente
2025-05-16 01:45:57 [DEBUG] [MONITOR] Backup diario completado
2025-06-28 14:15:35 [INFO] [AUTH] Conexión a MongoDB establecida
2026-02-21 03:59:06 [WARN] [DELIVERY] Error de conexión con sensor
2025-04-14 08:16:23 [INFO] [MONITOR] Alerta de velocidad excedida
2025-11-14 09:23:09 [INFO] [MONITOR] Vehículo fuera de ruta detectado
2026-05-01 11:57:03 [INFO] [DB_SYNC] Conexión a MongoDB establecida
2026-01-05 03:11:12 [WARN] [SCHEDULER] Vehículo fuera de ruta detectado
2026-02-05 04:24:02 [INFO] [AUTH] Usuario autenticado correctamente
2026-03-10 14:05:34 [INFO] [MONITOR] GPS sync generado exitosamente
2025-02-03 19:01:25 [INFO] [AUTH] Asignación de ruta completada
2025-07-19 21:39:30 [INFO] [AUTH] Orden procesada correctamente
2026-03-30 05:02:20 [INFO] [GPS_TRACKER] Vehículo fuera de ruta detectado
2025-04-12 03:35:35 [WARN] [DELIVERY] Asignación de ruta completada
2025-12-22 10:18:11 [INFO] [DELIVERY] Usuario autenticado correctamente
2025-08-02 13:41:31 [ERROR] [MONITOR] Usuario autenticado correctamente
2025-09-08 05:37:10 [INFO] [SCHEDULER] Backup diario completado
2025-10-18 18:18:54 [ERROR] [AUTH] Asignación de ruta completada
2025-02-25 05:17:51 [INFO] [AUTH] Alerta de velocidad excedida
2026-02-05 10:24:54 [ERROR] [MONITOR] Usuario autenticado correctamente
2025-02-11 10:46:04 [DEBUG] [DELIVERY] Error de conexión con sensor
2025-09-08 07:52:47 [DEBUG] [AUTH] Error de conexión con sensor
2025-09-27 05:07:06 [WARN] [GPS_TRACKER] Asignación de ruta completada
2025-11-06 05:32:05 [WARN] [DB_SYNC] Vehículo fuera de ruta detectado
2025-04-13 19:38:40 [INFO] [AUTH] Entrega registrada en sistema
2025-06-03 19:52:45 [INFO] [DB_SYNC] GPS sync generado exitosamente
2025-02-20 03:00:31 [INFO] [DELIVERY] Usuario autenticado correctamente
2025-08-06 05:06:03 [INFO] [SCHEDULER] Error de conexión con sensor
2026-03-20 06:38:41 [INFO] [SCHEDULER] Entrega registrada en sistema
2025-08-05 17:30:25 [INFO] [GPS_TRACKER] Conexión a MongoDB establecida
2025-01-11 15:01:28 [ERROR] [GPS_TRACKER] Entrega registrada en sistema
2025-11-08 18:12:09 [INFO] [DELIVERY] Asignación de ruta completada
2025-08-08 08:55:08 [INFO] [AUTH] Conexión a MongoDB establecida
2025-01-23 09:51:04 [DEBUG] [GPS_TRACKER] Orden procesada correctamente
2026-04-18 21:45:21 [INFO] [DB_SYNC] Usuario autenticado correctamente
2026-01-03 19:14:05 [INFO] [MONITOR] Entrega registrada en sistema
2025-07-22 14:38:28 [INFO] [GPS_TRACKER] Entrega registrada en sistema
2025-01-17 20:12:39 [INFO] [GPS_TRACKER] Conexión a MongoDB establecida
2026-02-21 20:14:50 [INFO] [DB_SYNC] Vehículo fuera de ruta detectado
2025-09-08 10:59:32 [INFO] [GPS_TRACKER] Alerta de velocidad excedida
2025-10-09 20:02:59 [INFO] [GPS_TRACKER] Conexión a MongoDB establecida
2026-04-13 20:18:35 [INFO] [SCHEDULER] Asignación de ruta completada
2025-01-25 21:19:49 [ERROR] [MONITOR] Usuario autenticado correctamente
2025-07-21 21:36:10 [WARN] [DELIVERY] Alerta de velocidad excedida
2026-03-10 08:39:30 [WARN] [MONITOR] Backup diario completado
2025-10-23 20:46:52 [INFO] [SCHEDULER] GPS sync generado exitosamente
2026-03-04 16:37:12 [INFO] [MONITOR] Entrega registrada en sistema
2026-05-11 11:55:55 [WARN] [SCHEDULER] Asignación de ruta completada
2025-10-29 09:51:24 [INFO] [SCHEDULER] Usuario autenticado correctamente
2025-12-19 01:25:22 [DEBUG] [GPS_TRACKER] Entrega registrada en sistema
2026-02-08 16:28:59 [INFO] [DELIVERY] Orden procesada correctamente
2025-11-20 08:07:02 [WARN] [DB_SYNC] Error de conexión con sensor
2026-04-24 14:17:58 [INFO] [AUTH] Usuario autenticado correctamente
2026-05-03 17:02:15 [INFO] [DELIVERY] Entrega registrada en sistema
2025-06-25 16:31:59 [ERROR] [AUTH] Alerta de velocidad excedida
2025-07-08 15:39:21 [INFO] [MONITOR] Conexión a MongoDB establecida
2025-02-10 22:51:04 [INFO] [GPS_TRACKER] Asignación de ruta completada
2025-09-14 14:23:20 [INFO] [DELIVERY] Orden procesada correctamente
2025-03-10 10:36:44 [INFO] [MONITOR] Error de conexión con sensor
2026-04-05 15:52:47 [WARN] [AUTH] Usuario autenticado correctamente
2026-04-23 09:28:33 [INFO] [SCHEDULER] Usuario autenticado correctamente
2026-03-17 03:56:18 [INFO] [GPS_TRACKER] Backup diario completado
2025-11-04 09:24:14 [INFO] [MONITOR] Usuario autenticado correctamente
2025-12-13 17:12:40 [INFO] [DELIVERY] Entrega registrada en sistema
2025-09-16 12:18:25 [INFO] [DELIVERY] Conexión a MongoDB establecida
2025-04-19 09:48:40 [ERROR] [GPS_TRACKER] Conexión a MongoDB establecida
2025-07-06 07:13:08 [DEBUG] [AUTH] Error de conexión con sensor
2025-08-29 00:11:07 [WARN] [DB_SYNC] Asignación de ruta completada
2025-05-03 01:07:45 [INFO] [AUTH] Conexión a MongoDB establecida
2025-01-03 04:54:05 [INFO] [SCHEDULER] Alerta de velocidad excedida
2025-06-23 03:19:37 [INFO] [DB_SYNC] Orden procesada correctamente
2025-05-04 13:29:40 [INFO] [MONITOR] Error de conexión con sensor
2026-05-07 17:05:01 [ERROR] [AUTH] Usuario autenticado correctamente
2025-08-11 18:27:02 [INFO] [DELIVERY] Asignación de ruta completada
2025-12-16 04:10:23 [INFO] [MONITOR] Entrega registrada en sistema
2025-05-21 11:07:37 [DEBUG] [SCHEDULER] Entrega registrada en sistema
2025-10-29 11:52:38 [INFO] [MONITOR] Entrega registrada en sistema
2025-05-02 22:42:21 [INFO] [MONITOR] Alerta de velocidad excedida
2026-02-18 10:57:45 [INFO] [DELIVERY] GPS sync generado exitosamente
2025-11-15 15:18:02 [ERROR] [DELIVERY] Usuario autenticado correctamente
2025-08-02 17:46:27 [INFO] [AUTH] Usuario autenticado correctamente
2025-01-28 03:30:07 [ERROR] [DELIVERY] Alerta de velocidad excedida
2026-05-11 09:37:39 [INFO] [MONITOR] Conexión a MongoDB establecida
2025-10-16 21:01:25 [INFO] [DB_SYNC] Entrega registrada en sistema
2025-11-19 11:10:59 [INFO] [DELIVERY] Vehículo fuera de ruta detectado
2025-04-04 09:49:02 [INFO] [MONITOR] Vehículo fuera de ruta detectado
2025-12-27 17:33:33 [INFO] [MONITOR] Alerta de velocidad excedida
2025-07-28 01:04:31 [INFO] [MONITOR] GPS sync generado exitosamente
2025-10-12 06:17:00 [WARN] [SCHEDULER] Asignación de ruta completada
2025-05-07 04:06:02 [ERROR] [GPS_TRACKER] GPS sync generado exitosamente
2025-02-10 12:15:17 [INFO] [MONITOR] GPS sync generado exitosamente
2025-07-29 06:01:40 [INFO] [DELIVERY] Backup diario completado
2026-04-12 20:19:53 [ERROR] [DELIVERY] Entrega registrada en sistema
2025-01-07 12:40:57 [INFO] [SCHEDULER] Vehículo fuera de ruta detectado
2026-04-16 18:35:18 [INFO] [DB_SYNC] Conexión a MongoDB establecida
2025-10-25 13:11:23 [WARN] [DB_SYNC] Alerta de velocidad excedida
2025-10-30 07:35:54 [INFO] [DELIVERY] Vehículo fuera de ruta detectado
2026-03-29 08:46:25 [INFO] [GPS_TRACKER] Alerta de velocidad excedida
2025-03-11 07:32:59 [INFO] [MONITOR] Asignación de ruta completada
2025-09-30 12:34:13 [ERROR] [SCHEDULER] Vehículo fuera de ruta detectado
2025-03-14 01:26:42 [DEBUG] [DB_SYNC] Backup diario completado
2026-04-03 05:54:45 [INFO] [DELIVERY] GPS sync generado exitosamente
2025-01-28 07:59:22 [INFO] [AUTH] Entrega registrada en sistema
2025-12-01 12:14:16 [INFO] [AUTH] Conexión a MongoDB establecida
2025-11-26 06:30:57 [INFO] [SCHEDULER] Usuario autenticado correctamente
2025-07-25 08:20:52 [DEBUG] [DELIVERY] Alerta de velocidad excedida
2025-05-14 21:36:48 [DEBUG] [GPS_TRACKER] Entrega registrada en sistema
2025-02-14 15:13:04 [INFO] [DELIVERY] Asignación de ruta completada
2025-02-18 04:09:15 [WARN] [GPS_TRACKER] GPS sync generado exitosamente
2026-02-13 02:08:11 [WARN] [GPS_TRACKER] Vehículo fuera de ruta detectado
2025-12-04 22:57:26 [INFO] [GPS_TRACKER] GPS sync generado exitosamente
2025-05-24 18:09:10 [INFO] [GPS_TRACKER] Backup diario completado
2026-01-17 14:39:05 [DEBUG] [GPS_TRACKER] Vehículo fuera de ruta detectado
2025-05-16 02:10:31 [DEBUG] [SCHEDULER] Conexión a MongoDB establecida
2025-10-08 05:14:52 [ERROR] [MONITOR] Vehículo fuera de ruta detectado
2025-09-19 22:44:59 [INFO] [DELIVERY] Orden procesada correctamente
2025-12-05 20:18:56 [WARN] [MONITOR] GPS sync generado exitosamente
2025-11-30 22:45:08 [INFO] [MONITOR] Entrega registrada en sistema
2026-03-20 11:55:56 [WARN] [SCHEDULER] Orden procesada correctamente
2025-10-30 14:30:07 [INFO] [GPS_TRACKER] Usuario autenticado correctamente
2025-01-03 08:23:58 [INFO] [DB_SYNC] Orden procesada correctamente
2025-03-12 21:34:44 [INFO] [DELIVERY] Backup diario completado
2025-10-23 17:17:24 [INFO] [DELIVERY] Alerta de velocidad excedida
2025-12-05 20:08:08 [INFO] [DB_SYNC] Alerta de velocidad excedida
2026-03-12 03:12:43 [INFO] [SCHEDULER] GPS sync generado exitosamente
2026-04-14 05:24:02 [INFO] [DB_SYNC] GPS sync generado exitosamente
2025-06-06 23:51:56 [INFO] [GPS_TRACKER] Vehículo fuera de ruta detectado
2026-05-02 06:40:24 [ERROR] [SCHEDULER] Alerta de velocidad excedida
2026-04-02 18:49:28 [WARN] [MONITOR] Backup diario completado
2026-02-01 03:49:46 [INFO] [MONITOR] GPS sync generado exitosamente
2025-06-15 00:29:12 [ERROR] [DELIVERY] Error de conexión con sensor
2025-02-14 07:32:30 [INFO] [DB_SYNC] Alerta de velocidad excedida
2025-12-02 19:49:45 [INFO] [GPS_TRACKER] Error de conexión con sensor
2026-04-11 16:05:26 [INFO] [AUTH] Error de conexión con sensor
2025-05-19 10:11:52 [INFO] [DB_SYNC] Backup diario completado
2026-05-15 03:50:10 [INFO] [GPS_TRACKER] GPS sync generado exitosamente
2026-03-13 07:39:51 [WARN] [DB_SYNC] Backup diario completado
2025-10-30 17:25:14 [INFO] [GPS_TRACKER] Backup diario completado
2026-03-27 19:59:34 [INFO] [MONITOR] Entrega registrada en sistema
2025-10-17 02:34:21 [ERROR] [GPS_TRACKER] Backup diario completado
2025-04-21 22:37:14 [INFO] [DELIVERY] Asignación de ruta completada
2025-04-08 21:56:56 [INFO] [DELIVERY] Usuario autenticado correctamente
2025-08-04 10:20:49 [INFO] [GPS_TRACKER] GPS sync generado exitosamente
2026-05-01 23:59:41 [INFO] [AUTH] Entrega registrada en sistema
2025-11-01 09:14:34 [DEBUG] [MONITOR] Usuario autenticado correctamente
2026-04-27 09:24:06 [INFO] [AUTH] Backup diario completado
2025-03-29 15:09:02 [WARN] [SCHEDULER] Usuario autenticado correctamente
2025-12-05 15:39:12 [INFO] [GPS_TRACKER] Conexión a MongoDB establecida
2025-12-03 23:01:09 [INFO] [DELIVERY] Asignación de ruta completada
2026-03-22 12:36:39 [INFO] [GPS_TRACKER] GPS sync generado exitosamente
2026-03-02 01:36:39 [INFO] [MONITOR] Backup diario completado
2026-01-19 21:36:41 [WARN] [GPS_TRACKER] Alerta de velocidad excedida
2026-05-02 10:45:34 [INFO] [DB_SYNC] Asignación de ruta completada
2025-12-06 08:34:06 [INFO] [GPS_TRACKER] Asignación de ruta completada
2025-06-26 23:27:17 [ERROR] [AUTH] Error de conexión con sensor
2026-01-24 12:58:14 [DEBUG] [SCHEDULER] Alerta de velocidad excedida
2025-02-26 12:51:24 [ERROR] [DELIVERY] Error de conexión con sensor
2025-10-12 20:09:48 [ERROR] [DB_SYNC] Usuario autenticado correctamente
2025-03-16 17:25:44 [WARN] [MONITOR] Alerta de velocidad excedida
2025-03-15 06:25:54 [WARN] [DB_SYNC] Alerta de velocidad excedida
2025-04-26 17:11:34 [INFO] [GPS_TRACKER] GPS sync generado exitosamente
2025-03-19 03:08:10 [INFO] [AUTH] Vehículo fuera de ruta detectado
2026-04-02 13:43:47 [INFO] [GPS_TRACKER] Error de conexión con sensor
2025-03-21 17:22:48 [INFO] [AUTH] Asignación de ruta completada
2025-03-07 03:48:21 [DEBUG] [SCHEDULER] GPS sync generado exitosamente
2025-03-27 00:13:16 [INFO] [DELIVERY] Asignación de ruta completada
2025-04-12 18:58:43 [WARN] [GPS_TRACKER] Vehículo fuera de ruta detectado
2025-11-29 16:46:10 [INFO] [DELIVERY] Asignación de ruta completada
2025-04-05 17:38:35 [INFO] [AUTH] Entrega registrada en sistema
2025-02-01 10:04:45 [WARN] [GPS_TRACKER] Backup diario completado
2025-09-23 14:25:57 [INFO] [GPS_TRACKER] Orden procesada correctamente
2025-06-21 19:02:38 [INFO] [MONITOR] Orden procesada correctamente
2025-04-27 06:13:29 [INFO] [DB_SYNC] Usuario autenticado correctamente
2026-02-10 10:25:29 [INFO] [DB_SYNC] Orden procesada correctamente
2025-11-19 06:41:30 [INFO] [MONITOR] GPS sync generado exitosamente
2025-07-01 16:04:45 [INFO] [SCHEDULER] Alerta de velocidad excedida
2025-10-12 05:02:17 [INFO] [AUTH] Asignación de ruta completada
2026-02-07 14:17:28 [INFO] [GPS_TRACKER] GPS sync generado exitosamente
2025-02-25 13:12:26 [WARN] [AUTH] Vehículo fuera de ruta detectado
2026-01-30 17:51:50 [INFO] [SCHEDULER] Conexión a MongoDB establecida
2025-09-11 09:30:33 [ERROR] [DELIVERY] Usuario autenticado correctamente
2025-04-04 08:05:25 [INFO] [MONITOR] Usuario autenticado correctamente
2025-11-28 10:11:29 [INFO] [MONITOR] Usuario autenticado correctamente
2026-05-07 10:10:00 [INFO] [MONITOR] Vehículo fuera de ruta detectado
2025-07-06 05:15:15 [WARN] [MONITOR] Backup diario completado
2026-03-25 18:16:37 [INFO] [DELIVERY] Error de conexión con sensor
2025-11-04 04:34:35 [DEBUG] [GPS_TRACKER] Entrega registrada en sistema
2025-04-28 00:21:20 [INFO] [SCHEDULER] Entrega registrada en sistema
2025-01-05 12:29:23 [INFO] [DELIVERY] Orden procesada correctamente
2025-10-14 20:26:33 [INFO] [SCHEDULER] Asignación de ruta completada
2025-09-28 20:51:01 [INFO] [SCHEDULER] Asignación de ruta completada
2026-02-02 13:06:52 [INFO] [DELIVERY] Backup diario completado
2025-01-27 16:24:18 [INFO] [AUTH] Backup diario completado
2025-04-01 17:38:54 [ERROR] [DB_SYNC] Entrega registrada en sistema
2026-03-14 04:10:23 [INFO] [SCHEDULER] GPS sync generado exitosamente
2025-06-28 00:03:59 [INFO] [GPS_TRACKER] Conexión a MongoDB establecida
2026-03-03 10:52:34 [INFO] [SCHEDULER] Conexión a MongoDB establecida
2025-08-13 23:04:09 [INFO] [DELIVERY] Entrega registrada en sistema
2026-01-28 05:23:24 [WARN] [DELIVERY] Error de conexión con sensor
2025-05-07 16:44:41 [INFO] [MONITOR] GPS sync generado exitosamente
2026-03-08 03:11:40 [INFO] [SCHEDULER] Vehículo fuera de ruta detectado
2025-07-28 09:53:37 [INFO] [GPS_TRACKER] Error de conexión con sensor
2026-01-26 22:22:01 [ERROR] [SCHEDULER] Orden procesada correctamente
2025-06-29 04:00:00 [INFO] [GPS_TRACKER] Entrega registrada en sistema
2025-08-01 17:36:03 [INFO] [DELIVERY] Asignación de ruta completada
2026-04-10 17:51:40 [INFO] [GPS_TRACKER] Orden procesada correctamente
2025-05-14 02:47:55 [INFO] [DB_SYNC] GPS sync generado exitosamente
2025-10-28 23:43:25 [ERROR] [SCHEDULER] Usuario autenticado correctamente
2026-01-22 20:49:45 [INFO] [GPS_TRACKER] Error de conexión con sensor
2025-04-22 11:43:26 [INFO] [MONITOR] Conexión a MongoDB establecida
2026-02-24 15:36:56 [INFO] [AUTH] Orden procesada correctamente
2025-01-14 22:52:42 [INFO] [SCHEDULER] Vehículo fuera de ruta detectado
2025-07-19 05:43:47 [INFO] [AUTH] Error de conexión con sensor
2025-12-20 11:32:07 [WARN] [DB_SYNC] GPS sync generado exitosamente
2026-01-31 10:37:26 [WARN] [DELIVERY] GPS sync generado exitosamente
2025-09-26 05:52:11 [INFO] [MONITOR] Usuario autenticado correctamente
2026-05-09 23:48:57 [WARN] [DELIVERY] Error de conexión con sensor
2025-11-04 11:10:07 [WARN] [MONITOR] Asignación de ruta completada
2025-11-29 00:49:17 [INFO] [DB_SYNC] Backup diario completado
2025-03-15 17:37:53 [WARN] [MONITOR] Orden procesada correctamente
2025-04-27 20:53:46 [INFO] [DB_SYNC] Conexión a MongoDB establecida
2025-10-10 11:46:52 [INFO] [GPS_TRACKER] Conexión a MongoDB establecida
2026-04-17 20:45:21 [DEBUG] [MONITOR] Error de conexión con sensor
2025-04-12 19:23:26 [INFO] [DB_SYNC] Alerta de velocidad excedida
2026-02-26 02:30:03 [ERROR] [DELIVERY] Usuario autenticado correctamente
2025-03-02 22:26:23 [INFO] [MONITOR] Alerta de velocidad excedida
2026-03-24 23:52:38 [DEBUG] [SCHEDULER] Orden procesada correctamente
2025-11-22 09:03:35 [WARN] [DB_SYNC] Alerta de velocidad excedida
2026-05-14 15:35:00 [INFO] [GPS_TRACKER] Usuario autenticado correctamente
2026-05-13 14:16:51 [DEBUG] [MONITOR] Vehículo fuera de ruta detectado
2026-02-20 23:40:27 [INFO] [AUTH] Asignación de ruta completada
2025-02-27 17:17:06 [DEBUG] [MONITOR] GPS sync generado exitosamente
2025-05-18 19:52:26 [WARN] [DELIVERY] Usuario autenticado correctamente
2025-10-18 05:02:57 [INFO] [DELIVERY] Backup diario completado
2025-08-09 07:33:51 [INFO] [DB_SYNC] Conexión a MongoDB establecida
2025-05-08 22:22:00 [INFO] [GPS_TRACKER] Usuario autenticado correctamente
2026-01-01 16:29:17 [INFO] [SCHEDULER] Conexión a MongoDB establecida
2025-05-25 20:56:46 [INFO] [AUTH] Usuario autenticado correctamente
2026-03-10 22:48:51 [WARN] [DELIVERY] Backup diario completado
2025-05-13 14:34:24 [INFO] [AUTH] Conexión a MongoDB establecida
2025-03-20 12:11:47 [INFO] [DELIVERY] Usuario autenticado correctamente
2025-12-11 08:09:50 [INFO] [DELIVERY] GPS sync generado exitosamente
2025-06-24 02:10:26 [INFO] [DB_SYNC] Backup diario completado
2026-04-05 16:43:15 [INFO] [DB_SYNC] Vehículo fuera de ruta detectado
2026-04-08 10:02:04 [INFO] [DB_SYNC] Asignación de ruta completada
2026-01-16 02:00:11 [WARN] [DELIVERY] Alerta de velocidad excedida
2025-10-22 09:33:04 [INFO] [DB_SYNC] Backup diario completado
2025-08-30 14:12:56 [INFO] [SCHEDULER] Entrega registrada en sistema
2025-08-07 01:34:46 [ERROR] [GPS_TRACKER] Entrega registrada en sistema
2026-04-02 22:37:24 [INFO] [MONITOR] Orden procesada correctamente
2025-12-14 03:24:41 [INFO] [SCHEDULER] Orden procesada correctamente
2025-05-26 20:08:57 [INFO] [AUTH] GPS sync generado exitosamente
2026-01-01 11:54:19 [WARN] [GPS_TRACKER] GPS sync generado exitosamente
2026-01-14 04:56:06 [ERROR] [AUTH] Asignación de ruta completada
2025-03-22 08:45:44 [INFO] [SCHEDULER] Vehículo fuera de ruta detectado
2025-03-13 19:58:28 [INFO] [MONITOR] Asignación de ruta completada
2026-03-14 21:04:21 [INFO] [DELIVERY] Asignación de ruta completada
2025-03-20 02:45:09 [INFO] [GPS_TRACKER] Error de conexión con sensor
2025-03-20 01:38:32 [DEBUG] [MONITOR] Backup diario completado
2026-02-11 20:03:52 [INFO] [DB_SYNC] Backup diario completado
2025-03-09 00:19:56 [WARN] [DELIVERY] Conexión a MongoDB establecida
2025-01-07 20:26:40 [INFO] [DELIVERY] GPS sync generado exitosamente
2026-03-16 14:12:08 [INFO] [AUTH] Asignación de ruta completada
2025-04-10 07:50:45 [INFO] [DELIVERY] Backup diario completado
2026-05-02 07:08:38 [ERROR] [AUTH] Alerta de velocidad excedida
2026-05-07 10:34:30 [INFO] [DELIVERY] GPS sync generado exitosamente
2025-06-09 23:15:12 [DEBUG] [DELIVERY] Orden procesada correctamente
2025-01-22 18:25:03 [INFO] [MONITOR] Orden procesada correctamente
2025-02-24 16:35:31 [DEBUG] [DB_SYNC] Usuario autenticado correctamente
2026-04-10 00:14:24 [INFO] [AUTH] Conexión a MongoDB establecida
2026-03-01 11:57:15 [INFO] [DB_SYNC] Alerta de velocidad excedida
2026-03-07 21:29:32 [INFO] [AUTH] Error de conexión con sensor
2025-11-20 05:03:06 [WARN] [AUTH] Asignación de ruta completada
2025-07-04 04:54:19 [WARN] [GPS_TRACKER] Conexión a MongoDB establecida
2025-05-02 11:09:18 [INFO] [GPS_TRACKER] Error de conexión con sensor
2025-08-30 08:42:59 [INFO] [DELIVERY] Conexión a MongoDB establecida
2025-11-12 01:37:08 [WARN] [AUTH] Usuario autenticado correctamente
2025-03-20 09:28:07 [INFO] [SCHEDULER] GPS sync generado exitosamente
2025-04-14 23:20:56 [INFO] [DELIVERY] Orden procesada correctamente
2025-10-26 22:16:37 [WARN] [AUTH] Error de conexión con sensor
2025-10-13 00:48:27 [ERROR] [AUTH] Orden procesada correctamente
2025-03-19 16:29:14 [ERROR] [SCHEDULER] Entrega registrada en sistema
2025-02-23 12:55:59 [WARN] [GPS_TRACKER] Conexión a MongoDB establecida
2025-04-01 23:07:09 [INFO] [SCHEDULER] Vehículo fuera de ruta detectado
2025-01-27 21:47:26 [WARN] [SCHEDULER] Orden procesada correctamente
2025-12-30 17:54:07 [DEBUG] [AUTH] Vehículo fuera de ruta detectado
2026-03-21 11:24:13 [WARN] [DB_SYNC] Alerta de velocidad excedida
2025-07-07 08:48:26 [INFO] [GPS_TRACKER] Asignación de ruta completada
2025-10-19 08:29:11 [WARN] [AUTH] Entrega registrada en sistema
2026-04-22 00:35:43 [DEBUG] [DELIVERY] Usuario autenticado correctamente
2025-08-17 23:36:26 [INFO] [DB_SYNC] GPS sync generado exitosamente
2026-05-10 00:27:58 [WARN] [DELIVERY] Alerta de velocidad excedida
2025-07-07 22:00:16 [WARN] [DELIVERY] Conexión a MongoDB establecida
2026-04-13 18:52:56 [WARN] [SCHEDULER] Asignación de ruta completada
2025-09-27 12:11:11 [INFO] [GPS_TRACKER] Orden procesada correctamente
2025-08-03 06:28:42 [INFO] [AUTH] Error de conexión con sensor
2025-12-24 12:51:26 [WARN] [SCHEDULER] Alerta de velocidad excedida
2025-06-25 22:05:39 [INFO] [DB_SYNC] Asignación de ruta completada
2025-02-12 23:58:36 [INFO] [AUTH] Usuario autenticado correctamente
2025-01-19 01:33:17 [INFO] [AUTH] Alerta de velocidad excedida
2025-02-19 09:26:25 [DEBUG] [AUTH] Vehículo fuera de ruta detectado
2026-02-15 18:53:59 [DEBUG] [AUTH] Vehículo fuera de ruta detectado
2025-06-06 10:22:21 [DEBUG] [AUTH] Backup diario completado
2025-09-15 20:39:06 [INFO] [GPS_TRACKER] Alerta de velocidad excedida
2025-05-04 05:17:49 [INFO] [DB_SYNC] Orden procesada correctamente
2025-10-12 15:00:19 [DEBUG] [MONITOR] Alerta de velocidad excedida
2025-01-23 08:24:14 [INFO] [MONITOR] Conexión a MongoDB establecida
2025-02-18 10:03:18 [ERROR] [MONITOR] Conexión a MongoDB establecida
2026-03-18 08:22:00 [INFO] [AUTH] GPS sync generado exitosamente
2026-01-28 08:53:33 [INFO] [GPS_TRACKER] Conexión a MongoDB establecida
2025-09-20 12:49:26 [INFO] [SCHEDULER] Vehículo fuera de ruta detectado
2026-03-04 12:18:20 [INFO] [DB_SYNC] Conexión a MongoDB establecida
2025-11-18 12:57:25 [INFO] [AUTH] Backup diario completado
2026-01-08 00:42:48 [INFO] [AUTH] Orden procesada correctamente
2025-11-02 22:29:55 [INFO] [MONITOR] Conexión a MongoDB establecida
2026-04-28 11:00:51 [INFO] [DB_SYNC] Backup diario completado
2025-01-16 01:25:36 [ERROR] [SCHEDULER] Alerta de velocidad excedida
2025-04-09 07:59:51 [INFO] [SCHEDULER] Vehículo fuera de ruta detectado
2025-04-17 12:45:02 [WARN] [DB_SYNC] Usuario autenticado correctamente
2026-04-25 17:09:10 [INFO] [SCHEDULER] Orden procesada correctamente
2025-07-05 00:26:23 [WARN] [DELIVERY] Backup diario completado
2025-08-27 23:43:32 [INFO] [DB_SYNC] Vehículo fuera de ruta detectado
2026-02-14 19:32:23 [INFO] [GPS_TRACKER] GPS sync generado exitosamente
2025-06-28 17:16:29 [INFO] [AUTH] Vehículo fuera de ruta detectado
2025-04-13 16:47:37 [WARN] [SCHEDULER] Vehículo fuera de ruta detectado
2026-03-14 01:52:00 [WARN] [MONITOR] Usuario autenticado correctamente
2025-07-23 09:13:47 [ERROR] [AUTH] Conexión a MongoDB establecida
2026-02-24 08:13:11 [DEBUG] [DELIVERY] Alerta de velocidad excedida
2026-02-03 03:23:08 [INFO] [SCHEDULER] GPS sync generado exitosamente
2026-05-11 04:49:10 [INFO] [SCHEDULER] Alerta de velocidad excedida
2025-02-21 05:58:46 [INFO] [AUTH] Alerta de velocidad excedida
2025-05-22 03:18:19 [INFO] [SCHEDULER] Backup diario completado
2025-05-03 08:03:35 [INFO] [SCHEDULER] GPS sync generado exitosamente
2025-03-09 22:21:51 [INFO] [SCHEDULER] Orden procesada correctamente
2025-12-09 10:51:21 [INFO] [SCHEDULER] Usuario autenticado correctamente
2025-10-23 08:49:56 [WARN] [GPS_TRACKER] Asignación de ruta completada
2025-02-05 08:45:53 [WARN] [AUTH] Vehículo fuera de ruta detectado
2025-07-26 21:04:33 [INFO] [AUTH] GPS sync generado exitosamente
2025-05-01 12:34:26 [INFO] [GPS_TRACKER] Entrega registrada en sistema
2025-07-31 00:50:27 [DEBUG] [AUTH] Orden procesada correctamente
2025-09-16 19:13:41 [INFO] [GPS_TRACKER] Asignación de ruta completada
2026-04-06 05:45:49 [INFO] [MONITOR] Error de conexión con sensor
2025-01-29 15:12:30 [ERROR] [DB_SYNC] Backup diario completado
2025-06-15 01:37:03 [INFO] [SCHEDULER] Alerta de velocidad excedida
2025-05-04 01:15:16 [DEBUG] [MONITOR] GPS sync generado exitosamente
2025-10-02 07:57:06 [INFO] [DELIVERY] Asignación de ruta completada
2025-05-13 11:55:31 [INFO] [SCHEDULER] GPS sync generado exitosamente
2025-01-12 08:00:28 [WARN] [MONITOR] Usuario autenticado correctamente
2025-04-21 19:53:18 [INFO] [SCHEDULER] Orden procesada correctamente
2025-09-04 16:54:23 [WARN] [GPS_TRACKER] Conexión a MongoDB establecida
2025-10-10 12:16:31 [DEBUG] [MONITOR] Alerta de velocidad excedida
2026-05-01 09:26:09 [INFO] [DELIVERY] Conexión a MongoDB establecida
2026-04-30 18:24:54 [ERROR] [SCHEDULER] Error de conexión con sensor
2025-04-10 12:29:22 [WARN] [DELIVERY] Alerta de velocidad excedida
2025-07-08 22:53:38 [INFO] [AUTH] Error de conexión con sensor
2025-07-29 15:16:40 [INFO] [AUTH] Conexión a MongoDB establecida
2026-04-21 06:31:54 [INFO] [DB_SYNC] Alerta de velocidad excedida
2026-05-02 11:33:18 [WARN] [MONITOR] Vehículo fuera de ruta detectado
2025-05-11 11:18:36 [INFO] [DB_SYNC] Asignación de ruta completada
2025-02-10 07:25:30 [ERROR] [SCHEDULER] Alerta de velocidad excedida
2025-06-24 03:35:07 [INFO] [GPS_TRACKER] Entrega registrada en sistema
2026-05-12 04:30:38 [INFO] [DB_SYNC] Conexión a MongoDB establecida
2026-04-01 00:32:18 [INFO] [SCHEDULER] Backup diario completado
2025-04-03 15:39:36 [INFO] [DB_SYNC] Conexión a MongoDB establecida
2025-08-14 14:58:05 [INFO] [DB_SYNC] GPS sync generado exitosamente
2025-03-30 16:54:14 [ERROR] [MONITOR] Asignación de ruta completada
2025-07-27 10:07:03 [INFO] [AUTH] Entrega registrada en sistema
2026-02-03 21:02:20 [DEBUG] [GPS_TRACKER] Conexión a MongoDB establecida
2025-02-18 21:22:40 [INFO] [AUTH] Entrega registrada en sistema
2025-06-22 19:50:04 [DEBUG] [GPS_TRACKER] Asignación de ruta completada
2026-02-21 03:22:00 [INFO] [MONITOR] Vehículo fuera de ruta detectado
2026-01-24 01:39:28 [INFO] [DELIVERY] Alerta de velocidad excedida
2025-11-11 10:56:23 [WARN] [MONITOR] Error de conexión con sensor
2025-11-04 02:55:10 [INFO] [AUTH] Orden procesada correctamente
2025-03-19 03:35:38 [INFO] [DB_SYNC] Backup diario completado
2025-12-19 23:40:05 [INFO] [GPS_TRACKER] Asignación de ruta completada
2025-10-10 19:40:05 [WARN] [MONITOR] Alerta de velocidad excedida
2025-06-12 04:49:40 [INFO] [SCHEDULER] Vehículo fuera de ruta detectado
2025-05-08 07:12:27 [WARN] [SCHEDULER] Alerta de velocidad excedida
2025-05-04 23:01:27 [DEBUG] [AUTH] Usuario autenticado correctamente
2025-01-29 04:16:28 [ERROR] [AUTH] Usuario autenticado correctamente
2025-08-16 18:31:07 [INFO] [DB_SYNC] Conexión a MongoDB establecida
2025-07-21 14:48:55 [INFO] [MONITOR] Vehículo fuera de ruta detectado
2025-04-30 13:52:01 [INFO] [DELIVERY] Asignación de ruta completada
2025-08-27 08:59:59 [INFO] [SCHEDULER] Alerta de velocidad excedida
2025-10-27 20:20:45 [INFO] [AUTH] Error de conexión con sensor
2026-04-04 10:37:48 [WARN] [MONITOR] Usuario autenticado correctamente
2026-01-25 12:05:05 [INFO] [GPS_TRACKER] Error de conexión con sensor
2025-09-02 00:17:53 [INFO] [DB_SYNC] Alerta de velocidad excedida
2026-03-28 23:36:37 [INFO] [DELIVERY] GPS sync generado exitosamente
2026-05-06 06:53:00 [INFO] [DB_SYNC] Usuario autenticado correctamente
2025-12-20 19:35:59 [DEBUG] [DELIVERY] GPS sync generado exitosamente
2025-05-02 03:10:05 [INFO] [GPS_TRACKER] Asignación de ruta completada
2025-05-19 20:33:24 [WARN] [GPS_TRACKER] Entrega registrada en sistema
2025-05-07 19:41:29 [DEBUG] [AUTH] Entrega registrada en sistema
2025-06-04 12:22:18 [INFO] [MONITOR] Usuario autenticado correctamente
2025-08-10 06:33:29 [INFO] [DELIVERY] Vehículo fuera de ruta detectado
2025-09-08 16:23:23 [WARN] [AUTH] Alerta de velocidad excedida
2025-12-26 18:40:27 [INFO] [AUTH] Asignación de ruta completada
2025-05-07 00:31:58 [ERROR] [DB_SYNC] Orden procesada correctamente
2025-03-17 21:33:37 [INFO] [GPS_TRACKER] Vehículo fuera de ruta detectado
2025-04-22 20:16:53 [INFO] [GPS_TRACKER] Backup diario completado
2026-01-12 22:18:26 [WARN] [AUTH] Orden procesada correctamente
2026-02-13 21:25:28 [DEBUG] [AUTH] GPS sync generado exitosamente
2025-01-09 17:24:51 [ERROR] [DELIVERY] Alerta de velocidad excedida
2025-11-03 05:48:23 [INFO] [DB_SYNC] Backup diario completado
2025-02-07 14:16:09 [INFO] [SCHEDULER] Vehículo fuera de ruta detectado
2025-02-26 23:40:45 [INFO] [GPS_TRACKER] Conexión a MongoDB establecida
2026-03-16 02:27:59 [INFO] [SCHEDULER] GPS sync generado exitosamente
2026-03-30 16:55:57 [INFO] [SCHEDULER] Asignación de ruta completada
2025-12-17 08:56:02 [INFO] [SCHEDULER] Error de conexión con sensor
2025-11-18 13:27:51 [WARN] [GPS_TRACKER] Conexión a MongoDB establecida
2025-06-30 01:02:58 [DEBUG] [DELIVERY] Usuario autenticado correctamente
2025-01-31 19:24:24 [WARN] [MONITOR] Orden procesada correctamente
2025-03-05 06:58:45 [WARN] [SCHEDULER] Entrega registrada en sistema
2025-05-24 22:28:32 [INFO] [GPS_TRACKER] Conexión a MongoDB establecida
2025-08-14 16:04:34 [INFO] [DELIVERY] Entrega registrada en sistema
2025-12-08 13:00:26 [INFO] [DELIVERY] Vehículo fuera de ruta detectado
2025-11-01 16:34:32 [WARN] [DB_SYNC] Orden procesada correctamente
2026-04-07 05:51:36 [WARN] [AUTH] Alerta de velocidad excedida
2025-10-21 20:29:58 [INFO] [DB_SYNC] Entrega registrada en sistema
2025-07-26 22:05:13 [INFO] [AUTH] Asignación de ruta completada
2025-07-13 04:14:04 [WARN] [MONITOR] Vehículo fuera de ruta detectado
2025-02-18 00:03:34 [INFO] [MONITOR] Backup diario completado
2025-10-24 13:06:11 [WARN] [MONITOR] Conexión a MongoDB establecida
2025-01-12 08:51:00 [WARN] [DELIVERY] Backup diario completado
2025-11-08 15:19:49 [INFO] [AUTH] Usuario autenticado correctamente
2025-02-27 19:54:12 [INFO] [MONITOR] Usuario autenticado correctamente
2025-04-23 05:17:22 [WARN] [MONITOR] Entrega registrada en sistema
2025-02-04 03:59:29 [ERROR] [SCHEDULER] Usuario autenticado correctamente
2025-07-19 18:17:22 [WARN] [AUTH] Orden procesada correctamente
2025-07-09 11:24:28 [INFO] [DELIVERY] Alerta de velocidad excedida
2025-05-23 22:32:42 [ERROR] [MONITOR] Entrega registrada en sistema
2025-08-16 00:21:01 [WARN] [MONITOR] Conexión a MongoDB establecida
2025-11-15 06:37:37 [INFO] [MONITOR] Error de conexión con sensor
2025-04-21 14:49:19 [INFO] [DB_SYNC] Entrega registrada en sistema
2025-05-19 16:56:36 [INFO] [SCHEDULER] Usuario autenticado correctamente
2026-04-02 13:23:55 [WARN] [AUTH] Entrega registrada en sistema
2025-08-21 09:56:43 [DEBUG] [SCHEDULER] Vehículo fuera de ruta detectado
2026-01-26 02:18:02 [DEBUG] [SCHEDULER] Asignación de ruta completada
2026-02-11 23:44:52 [INFO] [DB_SYNC] Usuario autenticado correctamente
2025-05-02 02:21:43 [DEBUG] [SCHEDULER] GPS sync generado exitosamente
2026-05-07 22:27:07 [INFO] [DB_SYNC] GPS sync generado exitosamente
2025-08-16 14:08:34 [DEBUG] [DELIVERY] Error de conexión con sensor
2026-01-26 07:17:13 [INFO] [SCHEDULER] GPS sync generado exitosamente
2026-04-16 22:52:39 [WARN] [MONITOR] Conexión a MongoDB establecida
2026-04-05 19:47:51 [WARN] [DELIVERY] Vehículo fuera de ruta detectado
2025-11-14 13:54:38 [WARN] [MONITOR] GPS sync generado exitosamente
2026-04-03 03:03:17 [WARN] [MONITOR] GPS sync generado exitosamente
2025-12-03 21:51:14 [INFO] [MONITOR] Error de conexión con sensor
2025-08-07 06:36:33 [INFO] [GPS_TRACKER] Asignación de ruta completada
2025-01-07 15:44:56 [WARN] [AUTH] Entrega registrada en sistema
2026-02-05 10:44:48 [INFO] [GPS_TRACKER] GPS sync generado exitosamente
2026-03-19 03:32:23 [INFO] [GPS_TRACKER] Alerta de velocidad excedida
2025-12-01 09:33:36 [INFO] [AUTH] Alerta de velocidad excedida
2025-05-24 16:44:18 [INFO] [DELIVERY] Error de conexión con sensor
2025-05-10 20:53:04 [ERROR] [GPS_TRACKER] Error de conexión con sensor
2025-02-01 02:28:38 [ERROR] [DELIVERY] Usuario autenticado correctamente
2026-03-30 00:49:41 [ERROR] [MONITOR] Orden procesada correctamente
2025-06-29 01:16:37 [INFO] [SCHEDULER] Conexión a MongoDB establecida
2026-04-19 07:14:35 [WARN] [MONITOR] Alerta de velocidad excedida
2025-06-30 04:16:04 [WARN] [DB_SYNC] Asignación de ruta completada
2026-01-22 00:43:02 [ERROR] [GPS_TRACKER] Orden procesada correctamente
2025-08-10 08:04:10 [ERROR] [MONITOR] Backup diario completado
2025-06-22 01:11:20 [INFO] [DELIVERY] Alerta de velocidad excedida
2025-05-22 10:25:11 [INFO] [DB_SYNC] GPS sync generado exitosamente
2026-04-11 09:09:53 [WARN] [MONITOR] GPS sync generado exitosamente
2025-11-26 12:23:58 [INFO] [MONITOR] Alerta de velocidad excedida
2026-02-13 00:17:19 [WARN] [GPS_TRACKER] Conexión a MongoDB establecida
2026-01-13 00:31:25 [INFO] [DELIVERY] Conexión a MongoDB establecida
2025-02-21 02:11:48 [WARN] [SCHEDULER] Vehículo fuera de ruta detectado
2026-03-04 15:03:35 [ERROR] [MONITOR] Vehículo fuera de ruta detectado
2026-03-12 14:11:12 [INFO] [GPS_TRACKER] Error de conexión con sensor
2025-11-04 23:09:03 [WARN] [GPS_TRACKER] Asignación de ruta completada
2025-03-07 01:58:16 [INFO] [GPS_TRACKER] Conexión a MongoDB establecida
2025-01-05 10:05:40 [INFO] [AUTH] GPS sync generado exitosamente
2026-01-09 03:08:29 [ERROR] [AUTH] Usuario autenticado correctamente
2026-03-23 21:38:27 [INFO] [DELIVERY] Backup diario completado
2025-02-16 01:26:57 [WARN] [DELIVERY] Entrega registrada en sistema
2026-04-26 08:07:10 [INFO] [DB_SYNC] Backup diario completado
2025-05-25 02:03:59 [INFO] [SCHEDULER] Conexión a MongoDB establecida
2025-09-26 14:39:55 [INFO] [GPS_TRACKER] Entrega registrada en sistema
2026-03-04 06:34:58 [INFO] [DB_SYNC] Entrega registrada en sistema
2025-06-27 14:47:46 [DEBUG] [AUTH] Asignación de ruta completada
2025-02-07 23:07:16 [WARN] [DB_SYNC] GPS sync generado exitosamente
2025-12-26 10:36:12 [INFO] [MONITOR] Vehículo fuera de ruta detectado
2025-01-28 23:31:52 [WARN] [SCHEDULER] Orden procesada correctamente
2025-09-03 17:26:11 [INFO] [DELIVERY] Error de conexión con sensor
2026-04-23 14:11:01 [INFO] [GPS_TRACKER] GPS sync generado exitosamente
2026-03-26 01:27:03 [INFO] [GPS_TRACKER] Error de conexión con sensor
2025-05-28 20:16:37 [INFO] [DELIVERY] Vehículo fuera de ruta detectado
2025-05-13 16:58:07 [INFO] [AUTH] Vehículo fuera de ruta detectado
2025-03-28 11:02:52 [WARN] [AUTH] Vehículo fuera de ruta detectado
2026-05-11 03:09:08 [WARN] [MONITOR] Vehículo fuera de ruta detectado
2025-04-20 18:57:49 [INFO] [AUTH] Asignación de ruta completada
2026-01-08 13:09:17 [WARN] [MONITOR] Backup diario completado
2026-03-31 19:50:48 [ERROR] [DB_SYNC] GPS sync generado exitosamente
2025-05-26 22:13:54 [ERROR] [AUTH] Entrega registrada en sistema
2026-04-03 06:00:14 [INFO] [MONITOR] Usuario autenticado correctamente
2026-04-27 22:22:49 [WARN] [SCHEDULER] Asignación de ruta completada
2025-07-25 06:21:14 [INFO] [GPS_TRACKER] GPS sync generado exitosamente
2025-09-12 20:06:24 [INFO] [AUTH] Conexión a MongoDB establecida
2025-02-04 18:40:44 [ERROR] [DELIVERY] Asignación de ruta completada
2026-02-19 18:50:23 [INFO] [SCHEDULER] Alerta de velocidad excedida
2025-05-25 20:04:41 [ERROR] [AUTH] Entrega registrada en sistema
2025-04-17 20:25:01 [INFO] [SCHEDULER] Usuario autenticado correctamente
2025-01-07 23:52:22 [INFO] [DELIVERY] Error de conexión con sensor
2026-02-07 05:30:04 [ERROR] [DELIVERY] Usuario autenticado correctamente
2025-11-06 11:01:36 [WARN] [SCHEDULER] GPS sync generado exitosamente
2025-01-17 17:34:48 [INFO] [DELIVERY] Orden procesada correctamente
2026-04-16 07:51:47 [ERROR] [GPS_TRACKER] Usuario autenticado correctamente
2025-01-14 14:55:41 [INFO] [DELIVERY] Asignación de ruta completada
2025-05-07 21:49:26 [WARN] [MONITOR] Error de conexión con sensor
2025-09-13 01:48:49 [INFO] [SCHEDULER] Asignación de ruta completada
2026-05-05 12:44:25 [INFO] [AUTH] Entrega registrada en sistema
2026-01-27 05:13:26 [ERROR] [DB_SYNC] Asignación de ruta completada
2025-02-12 19:08:48 [WARN] [DELIVERY] Entrega registrada en sistema
2025-02-14 03:42:38 [WARN] [DELIVERY] Error de conexión con sensor
2025-05-20 19:17:38 [INFO] [SCHEDULER] Entrega registrada en sistema
2025-01-28 16:19:59 [INFO] [SCHEDULER] Entrega registrada en sistema
2025-11-08 19:01:51 [INFO] [DB_SYNC] Entrega registrada en sistema
2025-11-15 21:47:03 [INFO] [SCHEDULER] Entrega registrada en sistema
2025-01-26 19:55:54 [INFO] [SCHEDULER] Vehículo fuera de ruta detectado
2025-04-27 06:20:05 [WARN] [MONITOR] Orden procesada correctamente
2025-09-13 23:18:25 [INFO] [AUTH] Vehículo fuera de ruta detectado
2025-04-03 18:53:16 [WARN] [DELIVERY] GPS sync generado exitosamente
2025-03-28 05:15:18 [WARN] [SCHEDULER] Backup diario completado
2025-11-21 21:20:58 [WARN] [GPS_TRACKER] Conexión a MongoDB establecida
2025-05-22 06:42:57 [WARN] [DB_SYNC] Error de conexión con sensor
2026-03-23 00:03:14 [DEBUG] [DB_SYNC] Conexión a MongoDB establecida
2026-01-12 17:11:09 [INFO] [DB_SYNC] Conexión a MongoDB establecida
2026-01-17 20:53:23 [INFO] [GPS_TRACKER] Usuario autenticado correctamente
2025-10-23 13:51:19 [INFO] [GPS_TRACKER] Error de conexión con sensor
2025-09-12 19:05:53 [DEBUG] [GPS_TRACKER] Error de conexión con sensor
2025-10-17 10:19:10 [INFO] [DELIVERY] Asignación de ruta completada
2026-03-08 21:28:23 [ERROR] [SCHEDULER] Error de conexión con sensor
2026-02-14 00:03:21 [INFO] [SCHEDULER] Usuario autenticado correctamente
2025-09-08 00:25:32 [INFO] [SCHEDULER] Entrega registrada en sistema
2025-01-04 19:48:23 [DEBUG] [AUTH] GPS sync generado exitosamente
2026-05-16 00:44:45 [INFO] [DELIVERY] Error de conexión con sensor
2025-01-01 04:04:37 [INFO] [SCHEDULER] Alerta de velocidad excedida
2025-03-04 18:40:35 [INFO] [MONITOR] Conexión a MongoDB establecida
2025-06-02 21:15:55 [INFO] [GPS_TRACKER] Orden procesada correctamente
2026-04-25 14:39:03 [INFO] [SCHEDULER] Entrega registrada en sistema
2025-09-20 04:08:42 [INFO] [AUTH] Vehículo fuera de ruta detectado
2026-04-28 02:54:54 [INFO] [SCHEDULER] Vehículo fuera de ruta detectado
2025-07-19 08:58:33 [WARN] [AUTH] Entrega registrada en sistema
2025-09-21 08:00:09 [WARN] [DB_SYNC] Vehículo fuera de ruta detectado
2025-02-16 07:19:02 [ERROR] [DB_SYNC] Vehículo fuera de ruta detectado
2025-03-09 20:46:18 [ERROR] [DELIVERY] Orden procesada correctamente
2026-01-16 10:37:31 [INFO] [GPS_TRACKER] Backup diario completado
2025-12-26 22:46:53 [INFO] [DB_SYNC] Usuario autenticado correctamente
2025-03-16 10:46:38 [DEBUG] [DELIVERY] Vehículo fuera de ruta detectado
2025-03-23 13:17:18 [DEBUG] [DB_SYNC] Usuario autenticado correctamente
2025-01-10 07:54:44 [INFO] [DB_SYNC] Asignación de ruta completada
2026-05-09 01:20:33 [INFO] [GPS_TRACKER] Alerta de velocidad excedida
2026-01-27 08:24:35 [INFO] [GPS_TRACKER] Conexión a MongoDB establecida
2025-10-30 16:19:50 [INFO] [DELIVERY] Entrega registrada en sistema
2025-12-25 12:52:56 [WARN] [SCHEDULER] Backup diario completado
2025-03-17 15:07:22 [ERROR] [MONITOR] Conexión a MongoDB establecida
2025-09-07 11:15:41 [DEBUG] [SCHEDULER] Alerta de velocidad excedida
2025-07-25 18:51:49 [DEBUG] [AUTH] Orden procesada correctamente
2025-07-29 06:31:16 [INFO] [AUTH] Entrega registrada en sistema
2026-01-02 05:32:48 [ERROR] [GPS_TRACKER] Orden procesada correctamente
2025-10-07 20:19:12 [INFO] [GPS_TRACKER] Error de conexión con sensor
2026-05-08 06:53:40 [DEBUG] [GPS_TRACKER] Orden procesada correctamente
2025-09-09 04:25:43 [INFO] [GPS_TRACKER] GPS sync generado exitosamente
2025-09-01 19:06:25 [INFO] [MONITOR] Usuario autenticado correctamente
2026-04-13 20:49:26 [INFO] [AUTH] Usuario autenticado correctamente
2025-09-21 08:37:25 [INFO] [AUTH] Usuario autenticado correctamente
2025-05-20 08:39:23 [INFO] [DB_SYNC] GPS sync generado exitosamente
2025-04-09 17:29:42 [INFO] [GPS_TRACKER] Vehículo fuera de ruta detectado
2025-01-10 03:26:29 [INFO] [GPS_TRACKER] Alerta de velocidad excedida
2025-06-20 06:45:59 [INFO] [MONITOR] Orden procesada correctamente
2025-04-08 07:34:01 [INFO] [AUTH] Backup diario completado
2025-08-16 05:33:00 [INFO] [SCHEDULER] Asignación de ruta completada
2026-05-10 19:45:15 [INFO] [MONITOR] Alerta de velocidad excedida
2025-06-23 10:24:42 [INFO] [DELIVERY] Entrega registrada en sistema
2026-04-26 17:13:36 [WARN] [DB_SYNC] Alerta de velocidad excedida
2025-09-15 20:18:33 [INFO] [AUTH] Entrega registrada en sistema
2026-03-02 00:14:31 [INFO] [DB_SYNC] Orden procesada correctamente
2025-07-12 17:43:35 [INFO] [GPS_TRACKER] Asignación de ruta completada
2025-10-04 15:07:23 [INFO] [DELIVERY] Backup diario completado
2025-05-13 04:30:14 [WARN] [SCHEDULER] Vehículo fuera de ruta detectado
2026-02-03 04:10:31 [INFO] [AUTH] Orden procesada correctamente
2026-01-01 15:30:48 [DEBUG] [AUTH] Vehículo fuera de ruta detectado
2025-07-23 03:52:21 [INFO] [SCHEDULER] Orden procesada correctamente
2025-08-15 01:14:21 [INFO] [GPS_TRACKER] Entrega registrada en sistema
2026-04-04 14:06:08 [WARN] [MONITOR] Orden procesada correctamente
2026-03-10 03:10:40 [ERROR] [DB_SYNC] GPS sync generado exitosamente
2025-07-22 22:49:47 [ERROR] [DB_SYNC] Asignación de ruta completada
2025-04-06 19:01:56 [INFO] [SCHEDULER] Asignación de ruta completada
2025-03-31 16:45:03 [INFO] [SCHEDULER] Entrega registrada en sistema
2025-11-05 12:44:29 [WARN] [AUTH] Vehículo fuera de ruta detectado
2025-08-12 06:03:12 [INFO] [DELIVERY] Error de conexión con sensor
2026-04-16 19:48:45 [DEBUG] [AUTH] Error de conexión con sensor
2025-09-03 08:35:40 [WARN] [DB_SYNC] Conexión a MongoDB establecida
2025-04-04 12:04:43 [INFO] [GPS_TRACKER] GPS sync generado exitosamente
2025-12-10 02:49:34 [INFO] [AUTH] Orden procesada correctamente
2025-08-25 07:35:25 [DEBUG] [AUTH] Conexión a MongoDB establecida
2025-04-28 12:53:13 [DEBUG] [DELIVERY] Alerta de velocidad excedida
2025-08-06 21:09:14 [INFO] [GPS_TRACKER] Orden procesada correctamente
2026-02-03 08:32:53 [WARN] [AUTH] Entrega registrada en sistema
2025-05-18 22:39:16 [ERROR] [GPS_TRACKER] Conexión a MongoDB establecida
2026-01-12 03:08:04 [INFO] [SCHEDULER] Orden procesada correctamente
2026-01-20 07:26:36 [INFO] [AUTH] Error de conexión con sensor
2025-09-08 10:16:49 [WARN] [DB_SYNC] GPS sync generado exitosamente
2025-12-03 14:05:30 [INFO] [SCHEDULER] Vehículo fuera de ruta detectado
2026-05-15 20:15:19 [INFO] [GPS_TRACKER] Backup diario completado
2025-06-10 05:17:43 [INFO] [DB_SYNC] Backup diario completado
2025-06-24 23:35:26 [WARN] [GPS_TRACKER] Conexión a MongoDB establecida
2025-06-14 01:42:37 [INFO] [GPS_TRACKER] Error de conexión con sensor
2026-01-30 16:27:54 [DEBUG] [DELIVERY] GPS sync generado exitosamente
2025-04-14 07:12:47 [INFO] [GPS_TRACKER] Alerta de velocidad excedida
2026-01-16 18:30:23 [DEBUG] [AUTH] Vehículo fuera de ruta detectado
2025-04-05 03:48:38 [INFO] [SCHEDULER] Entrega registrada en sistema
2025-11-06 20:02:54 [WARN] [MONITOR] Error de conexión con sensor
2025-01-13 05:33:02 [INFO] [DELIVERY] Backup diario completado
2026-03-15 08:01:58 [INFO] [GPS_TRACKER] Backup diario completado
2025-06-18 00:57:18 [INFO] [SCHEDULER] Entrega registrada en sistema
2026-02-06 21:17:31 [DEBUG] [GPS_TRACKER] Vehículo fuera de ruta detectado
2025-11-15 10:10:46 [DEBUG] [GPS_TRACKER] Error de conexión con sensor
2025-08-28 09:01:01 [INFO] [GPS_TRACKER] Asignación de ruta completada
2025-06-04 05:37:28 [WARN] [DELIVERY] Usuario autenticado correctamente
2025-03-26 20:16:56 [INFO] [AUTH] Alerta de velocidad excedida
2026-01-23 21:59:26 [INFO] [DB_SYNC] Entrega registrada en sistema
2025-01-14 17:22:05 [INFO] [AUTH] Entrega registrada en sistema
2025-08-23 02:23:27 [INFO] [SCHEDULER] Vehículo fuera de ruta detectado
2026-02-16 22:46:36 [INFO] [SCHEDULER] Vehículo fuera de ruta detectado
2025-07-21 17:19:53 [INFO] [GPS_TRACKER] Error de conexión con sensor
2025-11-23 01:41:51 [WARN] [DB_SYNC] Vehículo fuera de ruta detectado
2026-04-15 05:54:39 [INFO] [GPS_TRACKER] Conexión a MongoDB establecida
2025-11-04 09:33:57 [WARN] [AUTH] Vehículo fuera de ruta detectado
2025-09-13 11:51:35 [INFO] [SCHEDULER] Alerta de velocidad excedida
2025-01-16 23:54:12 [INFO] [GPS_TRACKER] Usuario autenticado correctamente
2025-04-16 10:48:12 [INFO] [AUTH] Entrega registrada en sistema
2025-02-24 01:16:28 [INFO] [DELIVERY] Asignación de ruta completada
2025-12-17 01:47:08 [INFO] [MONITOR] Backup diario completado
2025-05-16 03:20:18 [DEBUG] [GPS_TRACKER] Vehículo fuera de ruta detectado
2025-06-14 05:01:40 [INFO] [GPS_TRACKER] Usuario autenticado correctamente
2025-01-14 05:07:02 [ERROR] [MONITOR] GPS sync generado exitosamente
2025-12-29 08:36:20 [INFO] [DB_SYNC] Error de conexión con sensor
2025-03-26 05:15:20 [INFO] [DELIVERY] Entrega registrada en sistema
2026-03-10 19:12:27 [INFO] [DB_SYNC] Alerta de velocidad excedida
2025-02-24 09:11:53 [ERROR] [GPS_TRACKER] Asignación de ruta completada
2025-04-17 11:55:08 [INFO] [DB_SYNC] Orden procesada correctamente
2025-07-17 00:22:20 [INFO] [SCHEDULER] Orden procesada correctamente
2025-02-27 12:04:04 [INFO] [DELIVERY] Error de conexión con sensor
2025-10-19 05:27:09 [ERROR] [MONITOR] Error de conexión con sensor
2025-09-20 20:29:16 [INFO] [DELIVERY] Asignación de ruta completada
2025-10-08 09:50:45 [WARN] [DELIVERY] GPS sync generado exitosamente
2025-07-04 18:45:55 [WARN] [SCHEDULER] Orden procesada correctamente
2025-03-31 08:28:43 [DEBUG] [SCHEDULER] Entrega registrada en sistema
2026-01-21 20:10:00 [INFO] [MONITOR] Orden procesada correctamente
2026-03-17 02:51:01 [INFO] [SCHEDULER] Entrega registrada en sistema
2025-06-20 19:29:32 [WARN] [MONITOR] Error de conexión con sensor
2026-04-18 04:09:20 [WARN] [DELIVERY] Alerta de velocidad excedida
2025-07-12 23:01:33 [INFO] [AUTH] Orden procesada correctamente
2026-03-20 09:44:02 [INFO] [DELIVERY] Asignación de ruta completada
2026-03-22 00:21:06 [INFO] [DELIVERY] GPS sync generado exitosamente
2025-04-26 15:34:07 [WARN] [AUTH] Conexión a MongoDB establecida
2025-10-07 01:26:20 [ERROR] [SCHEDULER] Conexión a MongoDB establecida
2025-08-18 03:15:40 [INFO] [DB_SYNC] Alerta de velocidad excedida
2025-03-20 18:17:28 [INFO] [GPS_TRACKER] Vehículo fuera de ruta detectado
2025-04-24 02:15:00 [INFO] [DB_SYNC] Usuario autenticado correctamente
2025-08-21 10:42:55 [INFO] [GPS_TRACKER] Backup diario completado
2025-01-16 18:25:06 [INFO] [MONITOR] GPS sync generado exitosamente
2025-05-09 19:30:21 [INFO] [MONITOR] Backup diario completado
2025-01-02 01:03:36 [ERROR] [AUTH] Alerta de velocidad excedida
2025-03-16 06:50:59 [INFO] [DELIVERY] Error de conexión con sensor
2025-09-19 06:07:18 [INFO] [MONITOR] GPS sync generado exitosamente
2026-01-10 12:23:41 [INFO] [SCHEDULER] GPS sync generado exitosamente
2025-01-02 16:55:01 [INFO] [MONITOR] Backup diario completado
2025-09-10 13:51:33 [INFO] [DELIVERY] Backup diario completado
2026-04-17 12:05:03 [WARN] [AUTH] Usuario autenticado correctamente
2025-05-04 22:01:47 [INFO] [AUTH] GPS sync generado exitosamente
2025-12-08 11:26:33 [DEBUG] [DB_SYNC] Usuario autenticado correctamente
2026-03-11 06:10:06 [WARN] [MONITOR] GPS sync generado exitosamente
2025-02-21 06:22:37 [INFO] [MONITOR] Alerta de velocidad excedida
2025-05-08 09:25:17 [ERROR] [DELIVERY] Conexión a MongoDB establecida
2025-01-28 03:19:07 [INFO] [AUTH] Entrega registrada en sistema
2025-08-31 19:57:40 [ERROR] [GPS_TRACKER] Usuario autenticado correctamente
2025-05-16 10:19:24 [INFO] [AUTH] Backup diario completado
2025-07-17 22:52:07 [WARN] [MONITOR] Vehículo fuera de ruta detectado
2025-11-30 02:35:36 [INFO] [DELIVERY] Asignación de ruta completada
2025-09-08 05:14:14 [ERROR] [DELIVERY] Asignación de ruta completada
2026-02-24 08:13:39 [ERROR] [MONITOR] Asignación de ruta completada
2025-08-26 16:45:21 [INFO] [DB_SYNC] Vehículo fuera de ruta detectado
2025-12-26 11:57:03 [INFO] [GPS_TRACKER] Asignación de ruta completada
2026-05-15 23:19:56 [INFO] [SCHEDULER] Orden procesada correctamente
2025-08-05 01:09:47 [WARN] [GPS_TRACKER] Alerta de velocidad excedida
2026-02-18 08:57:34 [WARN] [DELIVERY] Conexión a MongoDB establecida
2025-07-05 15:40:25 [DEBUG] [MONITOR] Asignación de ruta completada
2025-10-26 07:34:11 [WARN] [AUTH] Alerta de velocidad excedida
2026-04-28 22:38:02 [WARN] [GPS_TRACKER] Backup diario completado
2025-04-07 14:19:04 [ERROR] [MONITOR] GPS sync generado exitosamente
2025-01-08 17:55:34 [DEBUG] [DELIVERY] Error de conexión con sensor
2025-03-19 13:35:47 [WARN] [DB_SYNC] Error de conexión con sensor
2025-01-17 20:57:33 [INFO] [DB_SYNC] Orden procesada correctamente
2025-12-25 16:33:34 [INFO] [GPS_TRACKER] Error de conexión con sensor
2025-05-17 13:39:47 [INFO] [GPS_TRACKER] Conexión a MongoDB establecida
2025-02-16 19:48:47 [INFO] [DB_SYNC] Backup diario completado
2025-05-09 12:24:32 [INFO] [GPS_TRACKER] GPS sync generado exitosamente
2026-01-14 02:03:45 [ERROR] [DB_SYNC] Vehículo fuera de ruta detectado
2025-09-28 11:52:23 [INFO] [AUTH] Backup diario completado
2025-01-03 01:45:33 [ERROR] [AUTH] Orden procesada correctamente
2025-05-24 01:17:38 [INFO] [AUTH] Usuario autenticado correctamente
2025-01-22 01:25:09 [INFO] [GPS_TRACKER] Orden procesada correctamente
2025-05-12 16:48:54 [WARN] [MONITOR] Entrega registrada en sistema
2025-06-07 13:52:05 [DEBUG] [AUTH] Conexión a MongoDB establecida
2025-01-31 07:31:43 [DEBUG] [AUTH] Error de conexión con sensor
2026-01-17 06:08:48 [ERROR] [DELIVERY] Asignación de ruta completada
2025-07-09 00:54:31 [WARN] [MONITOR] GPS sync generado exitosamente
2025-07-13 17:23:16 [WARN] [SCHEDULER] Alerta de velocidad excedida
2026-01-01 14:58:12 [WARN] [GPS_TRACKER] Vehículo fuera de ruta detectado
2026-01-31 15:39:09 [INFO] [MONITOR] Asignación de ruta completada
2025-07-18 10:00:33 [ERROR] [SCHEDULER] Asignación de ruta completada
2025-04-24 01:00:31 [WARN] [DB_SYNC] Conexión a MongoDB establecida
2025-04-29 21:15:26 [ERROR] [AUTH] Asignación de ruta completada
2026-04-24 17:30:23 [INFO] [DELIVERY] Orden procesada correctamente
2026-04-23 06:10:44 [INFO] [DELIVERY] Vehículo fuera de ruta detectado
2025-02-17 13:19:47 [INFO] [DELIVERY] Alerta de velocidad excedida
2025-11-27 08:26:53 [INFO] [MONITOR] Vehículo fuera de ruta detectado
2025-11-04 15:54:08 [WARN] [AUTH] GPS sync generado exitosamente
2025-07-22 18:15:49 [INFO] [SCHEDULER] Conexión a MongoDB establecida
2025-03-17 22:38:57 [WARN] [DB_SYNC] Vehículo fuera de ruta detectado
2025-08-03 12:36:03 [INFO] [DELIVERY] Vehículo fuera de ruta detectado
2025-03-07 14:58:21 [INFO] [GPS_TRACKER] Conexión a MongoDB establecida
2025-02-13 08:05:53 [INFO] [GPS_TRACKER] GPS sync generado exitosamente
2025-08-14 19:26:39 [WARN] [SCHEDULER] Error de conexión con sensor
2025-11-17 22:48:30 [DEBUG] [DELIVERY] Alerta de velocidad excedida
2026-01-23 02:02:37 [INFO] [DB_SYNC] Orden procesada correctamente
2025-09-30 16:43:55 [DEBUG] [SCHEDULER] Vehículo fuera de ruta detectado
2025-08-30 11:01:55 [WARN] [SCHEDULER] GPS sync generado exitosamente
2026-03-08 15:42:47 [INFO] [MONITOR] Entrega registrada en sistema
2025-08-28 10:13:34 [ERROR] [SCHEDULER] Conexión a MongoDB establecida
2025-05-01 08:05:47 [WARN] [AUTH] GPS sync generado exitosamente
2025-07-01 03:59:46 [DEBUG] [DB_SYNC] Vehículo fuera de ruta detectado
2025-06-28 02:55:03 [INFO] [SCHEDULER] Backup diario completado
2025-11-07 02:45:49 [INFO] [SCHEDULER] Error de conexión con sensor
2025-09-18 13:07:42 [ERROR] [MONITOR] Error de conexión con sensor
2025-05-31 22:29:59 [INFO] [SCHEDULER] Conexión a MongoDB establecida
2025-10-07 18:11:33 [WARN] [MONITOR] Backup diario completado
2026-02-22 05:23:23 [INFO] [GPS_TRACKER] Alerta de velocidad excedida
2025-07-31 05:10:48 [INFO] [GPS_TRACKER] GPS sync generado exitosamente
2025-08-14 05:41:04 [INFO] [DELIVERY] Backup diario completado
2025-03-11 21:27:54 [INFO] [GPS_TRACKER] Vehículo fuera de ruta detectado
2026-03-12 02:17:19 [INFO] [DB_SYNC] GPS sync generado exitosamente
2025-10-21 04:56:07 [INFO] [DB_SYNC] GPS sync generado exitosamente
2026-03-29 06:04:16 [INFO] [MONITOR] Vehículo fuera de ruta detectado
2026-03-01 05:01:02 [INFO] [GPS_TRACKER] Asignación de ruta completada
2025-05-02 05:17:27 [WARN] [GPS_TRACKER] GPS sync generado exitosamente
2025-01-03 23:33:44 [WARN] [DELIVERY] Asignación de ruta completada
2026-01-05 12:30:51 [DEBUG] [SCHEDULER] Conexión a MongoDB establecida
2025-03-08 10:37:12 [INFO] [GPS_TRACKER] Conexión a MongoDB establecida
2025-07-24 20:03:21 [INFO] [DB_SYNC] Backup diario completado
2025-10-24 06:31:27 [INFO] [AUTH] Asignación de ruta completada
2025-06-19 20:20:50 [WARN] [DELIVERY] Error de conexión con sensor
2025-01-19 10:55:44 [WARN] [AUTH] Backup diario completado
2025-04-14 05:55:21 [INFO] [SCHEDULER] Usuario autenticado correctamente
2025-07-01 18:17:49 [INFO] [DELIVERY] Backup diario completado
2025-01-18 22:00:40 [INFO] [DELIVERY] GPS sync generado exitosamente
2025-03-05 02:25:08 [INFO] [DB_SYNC] Asignación de ruta completada
2026-05-08 03:45:06 [INFO] [AUTH] Alerta de velocidad excedida
2026-01-04 02:45:33 [INFO] [SCHEDULER] Entrega registrada en sistema
2025-04-23 16:49:10 [ERROR] [DB_SYNC] GPS sync generado exitosamente
2026-03-15 21:21:02 [INFO] [MONITOR] Orden procesada correctamente
2026-03-12 07:59:56 [WARN] [DB_SYNC] Asignación de ruta completada
2025-09-04 03:28:04 [INFO] [SCHEDULER] Usuario autenticado correctamente
2025-10-13 23:20:51 [INFO] [GPS_TRACKER] Alerta de velocidad excedida
2026-04-16 12:15:55 [INFO] [DELIVERY] Alerta de velocidad excedida
2026-03-10 02:26:09 [INFO] [SCHEDULER] Entrega registrada en sistema
2025-01-25 11:25:47 [INFO] [GPS_TRACKER] Conexión a MongoDB establecida
2025-04-25 03:29:50 [INFO] [DB_SYNC] Entrega registrada en sistema
2025-04-12 03:09:55 [INFO] [AUTH] Usuario autenticado correctamente
2025-03-11 06:26:46 [INFO] [DB_SYNC] Vehículo fuera de ruta detectado
2025-11-04 04:27:51 [INFO] [SCHEDULER] Usuario autenticado correctamente
2025-04-11 13:10:06 [INFO] [DB_SYNC] Orden procesada correctamente
2025-08-08 14:00:32 [INFO] [DELIVERY] Conexión a MongoDB establecida
2025-07-15 23:05:40 [ERROR] [AUTH] Usuario autenticado correctamente
2025-11-07 01:26:51 [INFO] [MONITOR] Backup diario completado
2026-03-09 08:33:00 [INFO] [GPS_TRACKER] Asignación de ruta completada
2026-01-28 11:57:12 [WARN] [MONITOR] Entrega registrada en sistema
2025-02-28 12:26:47 [INFO] [MONITOR] Orden procesada correctamente
2025-09-05 15:15:12 [INFO] [SCHEDULER] Entrega registrada en sistema
2025-05-16 05:29:41 [INFO] [MONITOR] GPS sync generado exitosamente
2026-03-12 01:08:06 [INFO] [AUTH] Backup diario completado
2025-07-04 18:34:22 [INFO] [DELIVERY] Entrega registrada en sistema
2026-03-04 06:16:54 [WARN] [MONITOR] Usuario autenticado correctamente
2025-07-10 14:19:52 [INFO] [MONITOR] Alerta de velocidad excedida
2025-11-10 12:05:41 [INFO] [AUTH] Vehículo fuera de ruta detectado
2025-09-08 16:31:36 [ERROR] [GPS_TRACKER] Error de conexión con sensor
2025-11-01 12:36:27 [DEBUG] [MONITOR] Alerta de velocidad excedida
2025-08-23 01:10:41 [DEBUG] [DELIVERY] Orden procesada correctamente
2025-04-15 12:34:27 [DEBUG] [GPS_TRACKER] GPS sync generado exitosamente
2025-11-19 20:28:16 [WARN] [MONITOR] Backup diario completado
2025-06-03 20:55:16 [INFO] [GPS_TRACKER] Asignación de ruta completada
2025-07-09 23:09:06 [INFO] [DB_SYNC] Asignación de ruta completada
2025-07-11 18:59:52 [INFO] [DELIVERY] Orden procesada correctamente
2026-01-25 01:02:25 [ERROR] [GPS_TRACKER] GPS sync generado exitosamente
2025-01-01 22:56:27 [INFO] [MONITOR] Conexión a MongoDB establecida
2025-09-14 12:29:27 [INFO] [MONITOR] Error de conexión con sensor
2026-01-10 17:25:09 [WARN] [MONITOR] Orden procesada correctamente
2026-03-17 17:31:24 [ERROR] [DELIVERY] GPS sync generado exitosamente
2026-02-22 11:56:56 [WARN] [DB_SYNC] Alerta de velocidad excedida
2026-04-16 17:59:22 [INFO] [MONITOR] GPS sync generado exitosamente
2025-03-11 19:49:36 [WARN] [SCHEDULER] Orden procesada correctamente
2026-05-04 05:47:49 [INFO] [GPS_TRACKER] Error de conexión con sensor
2025-03-11 01:33:47 [WARN] [DELIVERY] Asignación de ruta completada
2025-11-17 09:07:11 [ERROR] [MONITOR] Entrega registrada en sistema
2025-12-06 21:52:32 [INFO] [GPS_TRACKER] Alerta de velocidad excedida
2025-12-28 16:05:58 [INFO] [GPS_TRACKER] GPS sync generado exitosamente
2025-01-04 04:31:55 [INFO] [AUTH] Error de conexión con sensor
2025-07-27 22:31:32 [INFO] [GPS_TRACKER] GPS sync generado exitosamente
2025-12-26 05:41:29 [INFO] [GPS_TRACKER] GPS sync generado exitosamente
2025-10-16 08:34:22 [DEBUG] [MONITOR] Entrega registrada en sistema
2025-01-14 04:13:38 [INFO] [SCHEDULER] Usuario autenticado correctamente
2025-03-14 10:04:56 [INFO] [GPS_TRACKER] GPS sync generado exitosamente
2025-01-24 18:39:46 [ERROR] [SCHEDULER] Usuario autenticado correctamente
2025-03-14 23:06:53 [ERROR] [SCHEDULER] Backup diario completado
2025-03-04 20:35:51 [INFO] [DB_SYNC] GPS sync generado exitosamente
2026-02-09 19:24:25 [INFO] [DB_SYNC] Usuario autenticado correctamente
2025-07-04 23:05:16 [INFO] [DELIVERY] Error de conexión con sensor
2025-08-11 23:59:38 [WARN] [DB_SYNC] Vehículo fuera de ruta detectado
2026-02-25 09:26:38 [INFO] [SCHEDULER] Orden procesada correctamente
2025-02-14 22:59:41 [WARN] [AUTH] GPS sync generado exitosamente
2025-03-02 16:44:01 [INFO] [AUTH] Backup diario completado
2025-12-10 09:52:22 [WARN] [MONITOR] Asignación de ruta completada
2025-04-19 15:59:24 [INFO] [DB_SYNC] Backup diario completado
2025-05-01 06:37:36 [ERROR] [SCHEDULER] Asignación de ruta completada
2026-05-07 10:30:29 [INFO] [MONITOR] Asignación de ruta completada
2025-04-16 23:54:43 [INFO] [SCHEDULER] Alerta de velocidad excedida
2025-05-24 08:32:07 [ERROR] [MONITOR] Entrega registrada en sistema
2026-03-13 09:08:47 [WARN] [GPS_TRACKER] Asignación de ruta completada
2025-04-03 01:44:41 [INFO] [MONITOR] Vehículo fuera de ruta detectado
2025-04-11 20:44:19 [INFO] [SCHEDULER] GPS sync generado exitosamente
2025-09-07 09:26:47 [ERROR] [SCHEDULER] Alerta de velocidad excedida
2025-07-12 00:54:53 [WARN] [DB_SYNC] GPS sync generado exitosamente
2025-08-24 04:13:33 [INFO] [DB_SYNC] Asignación de ruta completada
2025-02-23 20:44:07 [DEBUG] [DB_SYNC] Orden procesada correctamente
2025-03-06 10:14:01 [DEBUG] [DB_SYNC] Asignación de ruta completada
2025-04-27 11:46:21 [WARN] [SCHEDULER] Alerta de velocidad excedida
2025-06-04 20:33:00 [ERROR] [DELIVERY] Orden procesada correctamente
2025-11-23 17:06:46 [INFO] [SCHEDULER] Entrega registrada en sistema
2025-02-03 22:56:11 [INFO] [DB_SYNC] Asignación de ruta completada
2026-03-21 19:46:17 [INFO] [MONITOR] GPS sync generado exitosamente
2025-06-09 21:56:53 [INFO] [GPS_TRACKER] GPS sync generado exitosamente
2025-11-17 00:46:47 [WARN] [DB_SYNC] Entrega registrada en sistema
2025-01-14 09:28:58 [WARN] [DB_SYNC] GPS sync generado exitosamente
2025-12-15 11:35:58 [WARN] [AUTH] Asignación de ruta completada
2026-03-19 22:59:05 [WARN] [DELIVERY] Conexión a MongoDB establecida
2026-05-16 23:39:21 [INFO] [MONITOR] Vehículo fuera de ruta detectado
2025-10-04 04:53:36 [INFO] [SCHEDULER] Orden procesada correctamente
2025-09-07 15:57:43 [INFO] [GPS_TRACKER] Backup diario completado
2026-01-10 12:07:59 [INFO] [GPS_TRACKER] Usuario autenticado correctamente
2025-06-29 19:57:04 [WARN] [GPS_TRACKER] Conexión a MongoDB establecida
2026-02-28 05:17:45 [WARN] [AUTH] Usuario autenticado correctamente
2025-02-20 05:28:33 [INFO] [DB_SYNC] Alerta de velocidad excedida
2026-01-22 04:05:20 [WARN] [MONITOR] GPS sync generado exitosamente
2025-03-13 22:42:57 [INFO] [MONITOR] Orden procesada correctamente
2025-12-01 23:04:46 [DEBUG] [SCHEDULER] Asignación de ruta completada
2026-03-28 15:47:38 [ERROR] [DELIVERY] Vehículo fuera de ruta detectado
2025-02-13 16:05:16 [WARN] [SCHEDULER] Error de conexión con sensor
2026-04-03 01:25:58 [DEBUG] [DB_SYNC] Conexión a MongoDB establecida
2025-06-30 01:06:39 [WARN] [DELIVERY] Asignación de ruta completada
2026-02-05 15:05:12 [ERROR] [AUTH] Vehículo fuera de ruta detectado
2026-01-20 14:40:47 [INFO] [DELIVERY] Conexión a MongoDB establecida
2025-06-26 08:21:18 [INFO] [DELIVERY] Conexión a MongoDB establecida
2025-04-10 06:54:40 [WARN] [MONITOR] Usuario autenticado correctamente
2026-01-16 09:45:39 [WARN] [DELIVERY] Vehículo fuera de ruta detectado
2026-01-30 19:10:06 [INFO] [MONITOR] Usuario autenticado correctamente
2025-07-13 20:31:00 [INFO] [DB_SYNC] GPS sync generado exitosamente
2025-09-08 00:18:02 [INFO] [AUTH] Vehículo fuera de ruta detectado
2026-04-26 03:30:07 [INFO] [MONITOR] Conexión a MongoDB establecida
2026-03-04 04:40:44 [INFO] [GPS_TRACKER] Backup diario completado
2025-10-26 00:09:21 [WARN] [SCHEDULER] Conexión a MongoDB establecida
2026-01-06 13:34:24 [DEBUG] [SCHEDULER] Orden procesada correctamente
2025-11-02 19:14:31 [ERROR] [DELIVERY] Usuario autenticado correctamente
2025-08-27 20:56:27 [INFO] [SCHEDULER] Alerta de velocidad excedida
2025-02-22 00:35:56 [INFO] [AUTH] Error de conexión con sensor
2026-02-04 17:40:58 [INFO] [GPS_TRACKER] GPS sync generado exitosamente
2025-12-16 13:22:11 [WARN] [GPS_TRACKER] Alerta de velocidad excedida
2025-12-10 16:14:27 [INFO] [SCHEDULER] Conexión a MongoDB establecida
2025-05-27 17:20:26 [INFO] [MONITOR] Usuario autenticado correctamente
2026-03-18 04:38:19 [ERROR] [GPS_TRACKER] Alerta de velocidad excedida
2025-03-25 13:01:15 [INFO] [AUTH] Error de conexión con sensor
2025-02-13 20:31:56 [INFO] [SCHEDULER] Vehículo fuera de ruta detectado
2026-01-03 05:12:11 [INFO] [DELIVERY] Asignación de ruta completada
2026-02-08 14:19:49 [INFO] [SCHEDULER] Alerta de velocidad excedida
2026-03-30 18:55:44 [INFO] [SCHEDULER] Asignación de ruta completada
2026-02-20 14:11:57 [INFO] [AUTH] Backup diario completado
2025-07-22 13:06:29 [INFO] [AUTH] Alerta de velocidad excedida
2025-03-23 05:53:45 [WARN] [DB_SYNC] Backup diario completado
2025-08-18 20:34:33 [WARN] [DELIVERY] Orden procesada correctamente
2026-03-17 13:07:06 [INFO] [MONITOR] Vehículo fuera de ruta detectado
2025-02-22 22:01:32 [INFO] [AUTH] Asignación de ruta completada
2026-04-14 22:48:15 [DEBUG] [MONITOR] Conexión a MongoDB establecida
2026-02-09 21:19:57 [INFO] [AUTH] Usuario autenticado correctamente
2025-06-28 00:02:07 [INFO] [DB_SYNC] Conexión a MongoDB establecida
2026-05-09 09:51:29 [ERROR] [GPS_TRACKER] Vehículo fuera de ruta detectado
2026-05-16 18:21:34 [INFO] [GPS_TRACKER] Error de conexión con sensor
2025-09-30 04:36:23 [INFO] [AUTH] Error de conexión con sensor
2025-11-16 05:54:57 [ERROR] [DB_SYNC] Asignación de ruta completada
2025-11-06 04:57:33 [INFO] [DB_SYNC] Entrega registrada en sistema
2025-02-10 12:25:02 [INFO] [SCHEDULER] Entrega registrada en sistema
2025-02-20 00:24:04 [INFO] [SCHEDULER] Asignación de ruta completada
2026-01-14 16:29:36 [INFO] [GPS_TRACKER] Conexión a MongoDB establecida
2025-08-26 04:19:11 [WARN] [GPS_TRACKER] Error de conexión con sensor
2025-05-29 21:59:36 [ERROR] [DB_SYNC] Error de conexión con sensor
2026-02-02 10:03:45 [INFO] [SCHEDULER] Usuario autenticado correctamente
2026-01-30 15:19:22 [INFO] [SCHEDULER] Vehículo fuera de ruta detectado
2025-03-14 19:06:50 [INFO] [MONITOR] GPS sync generado exitosamente
2025-08-16 00:32:50 [INFO] [DELIVERY] Usuario autenticado correctamente
2026-03-19 12:58:50 [INFO] [SCHEDULER] Orden procesada correctamente
2025-11-05 03:54:28 [ERROR] [DELIVERY] Orden procesada correctamente
2026-01-25 19:37:33 [WARN] [GPS_TRACKER] Entrega registrada en sistema
2026-05-09 04:04:58 [INFO] [DB_SYNC] Asignación de ruta completada
2025-11-18 21:13:38 [DEBUG] [GPS_TRACKER] Orden procesada correctamente
2026-01-26 12:56:52 [WARN] [SCHEDULER] Backup diario completado
2025-12-20 08:16:22 [INFO] [DB_SYNC] Asignación de ruta completada
2026-05-09 23:13:38 [DEBUG] [MONITOR] Conexión a MongoDB establecida
2025-12-02 20:59:41 [WARN] [GPS_TRACKER] Orden procesada correctamente
2026-01-19 01:59:22 [INFO] [DB_SYNC] Backup diario completado
2025-01-01 04:21:12 [INFO] [SCHEDULER] Error de conexión con sensor
2026-03-15 22:37:37 [DEBUG] [DELIVERY] Conexión a MongoDB establecida
2026-05-03 13:42:30 [INFO] [SCHEDULER] Usuario autenticado correctamente
2025-06-13 16:30:04 [INFO] [AUTH] Asignación de ruta completada
2025-11-12 06:12:14 [ERROR] [SCHEDULER] Asignación de ruta completada
2025-09-18 14:04:46 [WARN] [DELIVERY] Entrega registrada en sistema
2025-01-10 15:59:29 [WARN] [MONITOR] Backup diario completado
2026-04-19 06:15:23 [INFO] [AUTH] Usuario autenticado correctamente
2025-04-03 09:31:46 [WARN] [AUTH] GPS sync generado exitosamente
2025-11-04 20:29:53 [ERROR] [DELIVERY] Usuario autenticado correctamente
2025-05-12 10:31:22 [INFO] [DELIVERY] Entrega registrada en sistema
2025-07-21 14:05:11 [INFO] [SCHEDULER] Alerta de velocidad excedida
2026-01-16 03:35:52 [INFO] [AUTH] GPS sync generado exitosamente
2025-12-24 22:40:24 [INFO] [SCHEDULER] Error de conexión con sensor
2025-03-22 07:57:14 [INFO] [GPS_TRACKER] Asignación de ruta completada
2025-03-19 21:20:15 [INFO] [GPS_TRACKER] Alerta de velocidad excedida
2026-04-02 05:35:34 [INFO] [SCHEDULER] Conexión a MongoDB establecida
2025-01-14 10:01:35 [INFO] [DB_SYNC] Backup diario completado
2026-04-27 07:52:59 [WARN] [SCHEDULER] Error de conexión con sensor
2025-10-06 09:39:15 [INFO] [DELIVERY] Vehículo fuera de ruta detectado
2025-06-12 07:25:49 [INFO] [SCHEDULER] Conexión a MongoDB establecida
2025-02-07 05:37:23 [INFO] [MONITOR] Entrega registrada en sistema
2026-01-08 08:45:51 [INFO] [MONITOR] GPS sync generado exitosamente
2025-05-18 15:52:21 [INFO] [DB_SYNC] Orden procesada correctamente
2025-10-03 06:31:22 [DEBUG] [MONITOR] Orden procesada correctamente
2025-07-26 02:14:01 [WARN] [DB_SYNC] Conexión a MongoDB establecida
2025-03-12 05:55:20 [INFO] [SCHEDULER] GPS sync generado exitosamente
2025-06-29 12:59:22 [INFO] [SCHEDULER] Orden procesada correctamente
2026-01-28 20:24:00 [INFO] [GPS_TRACKER] Asignación de ruta completada
2025-12-09 05:28:05 [INFO] [DB_SYNC] Backup diario completado
2025-07-24 12:13:33 [DEBUG] [SCHEDULER] Orden procesada correctamente
2025-12-13 09:54:14 [INFO] [GPS_TRACKER] Alerta de velocidad excedida
2025-08-24 17:49:10 [ERROR] [SCHEDULER] Usuario autenticado correctamente
2025-06-25 09:23:49 [WARN] [GPS_TRACKER] Entrega registrada en sistema
2025-03-06 20:28:24 [DEBUG] [DB_SYNC] Backup diario completado
2025-07-23 05:37:27 [WARN] [MONITOR] Error de conexión con sensor
2026-01-24 02:26:58 [WARN] [SCHEDULER] Vehículo fuera de ruta detectado
2025-11-22 12:07:19 [WARN] [GPS_TRACKER] Vehículo fuera de ruta detectado
2026-01-01 01:03:27 [INFO] [SCHEDULER] Vehículo fuera de ruta detectado
2025-12-25 04:32:26 [ERROR] [DB_SYNC] Entrega registrada en sistema
2025-07-28 20:15:04 [WARN] [GPS_TRACKER] Alerta de velocidad excedida
2025-10-26 12:11:19 [ERROR] [MONITOR] Error de conexión con sensor
2025-11-27 07:13:43 [DEBUG] [AUTH] Conexión a MongoDB establecida
2025-12-27 00:32:37 [INFO] [DELIVERY] Alerta de velocidad excedida
2025-05-17 17:59:23 [INFO] [GPS_TRACKER] Entrega registrada en sistema
2025-01-22 22:12:34 [DEBUG] [DELIVERY] Alerta de velocidad excedida
2025-11-23 06:51:00 [INFO] [DB_SYNC] Orden procesada correctamente
2025-10-23 07:15:21 [INFO] [DELIVERY] Alerta de velocidad excedida
2025-05-12 18:11:03 [INFO] [DELIVERY] Conexión a MongoDB establecida
2026-02-23 03:09:12 [WARN] [GPS_TRACKER] Alerta de velocidad excedida
2025-03-15 14:05:31 [WARN] [DB_SYNC] GPS sync generado exitosamente
2025-02-14 16:19:21 [INFO] [DELIVERY] Asignación de ruta completada
2025-01-17 17:41:10 [WARN] [SCHEDULER] Entrega registrada en sistema
2025-01-25 09:01:57 [INFO] [SCHEDULER] Vehículo fuera de ruta detectado
2025-08-03 03:15:25 [INFO] [DELIVERY] Vehículo fuera de ruta detectado
2025-07-19 14:15:27 [WARN] [GPS_TRACKER] Entrega registrada en sistema
2026-03-21 22:27:30 [DEBUG] [AUTH] GPS sync generado exitosamente
2025-02-07 07:50:35 [ERROR] [MONITOR] Conexión a MongoDB establecida
2025-01-05 05:39:39 [INFO] [MONITOR] Conexión a MongoDB establecida
2026-02-20 22:12:20 [ERROR] [SCHEDULER] Orden procesada correctamente
2025-10-08 05:44:38 [DEBUG] [DB_SYNC] Backup diario completado
2026-02-23 20:23:02 [WARN] [SCHEDULER] Orden procesada correctamente
2025-09-07 18:38:34 [ERROR] [DELIVERY] Entrega registrada en sistema
2025-06-02 10:32:21 [INFO] [AUTH] Orden procesada correctamente
2025-08-11 13:51:07 [INFO] [DB_SYNC] Conexión a MongoDB establecida
2025-06-20 22:53:03 [ERROR] [SCHEDULER] Alerta de velocidad excedida
2025-10-08 03:31:41 [INFO] [MONITOR] Orden procesada correctamente
2025-12-08 19:54:37 [INFO] [SCHEDULER] Orden procesada correctamente
2025-01-30 14:38:38 [WARN] [SCHEDULER] Orden procesada correctamente
2025-05-27 08:05:55 [INFO] [GPS_TRACKER] Error de conexión con sensor
2026-01-22 00:37:05 [WARN] [DB_SYNC] Usuario autenticado correctamente
2025-11-05 05:14:14 [INFO] [AUTH] Usuario autenticado correctamente
2025-11-14 10:54:25 [INFO] [DB_SYNC] Alerta de velocidad excedida
2025-11-26 17:04:58 [INFO] [GPS_TRACKER] Vehículo fuera de ruta detectado
2025-12-06 19:31:50 [WARN] [DB_SYNC] Orden procesada correctamente
2025-10-31 07:15:51 [ERROR] [SCHEDULER] GPS sync generado exitosamente
2025-01-10 20:36:22 [WARN] [DELIVERY] Usuario autenticado correctamente
2026-04-22 22:36:49 [INFO] [DELIVERY] Error de conexión con sensor
2025-05-29 14:17:57 [INFO] [DELIVERY] GPS sync generado exitosamente
2025-09-20 12:38:35 [INFO] [MONITOR] Orden procesada correctamente
2025-11-23 05:52:32 [INFO] [SCHEDULER] Conexión a MongoDB establecida
2025-10-08 18:16:09 [DEBUG] [GPS_TRACKER] Orden procesada correctamente
2025-04-12 12:10:04 [ERROR] [MONITOR] GPS sync generado exitosamente
2025-04-15 23:30:42 [INFO] [DB_SYNC] GPS sync generado exitosamente
2025-06-30 07:59:08 [INFO] [SCHEDULER] Alerta de velocidad excedida
2025-08-12 22:44:27 [DEBUG] [MONITOR] Error de conexión con sensor
2025-08-04 10:36:17 [INFO] [SCHEDULER] Usuario autenticado correctamente
2026-01-29 01:57:58 [WARN] [AUTH] Backup diario completado
2025-03-28 20:43:43 [INFO] [AUTH] Orden procesada correctamente
2025-12-05 23:41:34 [INFO] [DB_SYNC] Vehículo fuera de ruta detectado
2025-03-15 01:41:26 [INFO] [DB_SYNC] Entrega registrada en sistema
2025-05-31 13:06:01 [INFO] [DB_SYNC] Alerta de velocidad excedida
2025-07-06 04:16:02 [DEBUG] [GPS_TRACKER] Vehículo fuera de ruta detectado
2025-04-23 06:22:10 [DEBUG] [DELIVERY] GPS sync generado exitosamente
2025-08-29 17:05:17 [ERROR] [AUTH] Error de conexión con sensor
2025-04-07 04:15:31 [INFO] [SCHEDULER] Vehículo fuera de ruta detectado
2025-09-29 05:54:27 [WARN] [SCHEDULER] Vehículo fuera de ruta detectado
2025-04-17 04:51:53 [WARN] [DELIVERY] Alerta de velocidad excedida
2026-03-22 19:50:14 [INFO] [DB_SYNC] GPS sync generado exitosamente
2025-01-20 07:30:10 [INFO] [AUTH] Backup diario completado
2025-04-02 10:28:19 [INFO] [AUTH] Usuario autenticado correctamente
2026-02-21 20:09:07 [INFO] [MONITOR] Entrega registrada en sistema
2025-10-15 01:19:42 [WARN] [SCHEDULER] Entrega registrada en sistema
2026-01-14 14:02:11 [WARN] [SCHEDULER] Entrega registrada en sistema
2025-06-02 15:32:42 [ERROR] [SCHEDULER] Error de conexión con sensor
2025-03-26 06:34:11 [INFO] [DB_SYNC] Usuario autenticado correctamente
2025-01-18 05:53:21 [INFO] [SCHEDULER] Asignación de ruta completada
2026-01-03 06:43:12 [INFO] [AUTH] Usuario autenticado correctamente
2025-12-15 19:30:29 [INFO] [AUTH] Entrega registrada en sistema
2026-02-01 03:41:25 [WARN] [GPS_TRACKER] Usuario autenticado correctamente
2025-10-15 09:57:09 [INFO] [MONITOR] Alerta de velocidad excedida
2025-07-25 21:39:44 [ERROR] [MONITOR] GPS sync generado exitosamente
2025-06-11 14:52:22 [WARN] [SCHEDULER] Conexión a MongoDB establecida
2025-09-16 13:59:20 [WARN] [DELIVERY] Vehículo fuera de ruta detectado
2025-10-12 07:27:16 [ERROR] [SCHEDULER] Conexión a MongoDB establecida
2025-01-14 21:28:11 [WARN] [DB_SYNC] GPS sync generado exitosamente
2025-12-30 17:08:11 [INFO] [GPS_TRACKER] Backup diario completado
2025-03-05 18:23:48 [INFO] [DB_SYNC] GPS sync generado exitosamente
2025-11-11 01:00:30 [INFO] [AUTH] Backup diario completado
2026-01-09 22:28:12 [INFO] [AUTH] Usuario autenticado correctamente
2025-01-16 07:35:53 [INFO] [DB_SYNC] Backup diario completado
2025-06-23 18:16:07 [INFO] [SCHEDULER] Asignación de ruta completada
2025-04-10 01:32:51 [INFO] [SCHEDULER] Asignación de ruta completada
2025-12-30 22:13:30 [INFO] [GPS_TRACKER] Orden procesada correctamente
2025-05-22 16:08:40 [INFO] [AUTH] Vehículo fuera de ruta detectado
2026-04-05 03:13:16 [INFO] [AUTH] Backup diario completado
2026-04-04 19:56:24 [ERROR] [SCHEDULER] Error de conexión con sensor
2025-12-14 11:25:59 [INFO] [DB_SYNC] Conexión a MongoDB establecida
2026-01-15 05:03:59 [INFO] [AUTH] GPS sync generado exitosamente
2026-04-21 19:57:58 [INFO] [DELIVERY] Entrega registrada en sistema
2026-01-19 06:08:49 [INFO] [DB_SYNC] Entrega registrada en sistema
2025-01-30 18:22:38 [ERROR] [GPS_TRACKER] Orden procesada correctamente
2025-07-16 00:07:57 [WARN] [DELIVERY] Usuario autenticado correctamente
2025-11-14 04:19:57 [DEBUG] [MONITOR] Asignación de ruta completada
2026-04-21 01:09:23 [INFO] [MONITOR] Vehículo fuera de ruta detectado
2025-12-09 20:16:53 [INFO] [MONITOR] Usuario autenticado correctamente
2025-10-05 05:18:44 [WARN] [DELIVERY] GPS sync generado exitosamente
2025-09-04 13:44:54 [WARN] [MONITOR] Usuario autenticado correctamente
2025-09-20 04:28:12 [ERROR] [SCHEDULER] GPS sync generado exitosamente
2025-11-06 19:20:41 [INFO] [AUTH] Entrega registrada en sistema
2025-10-23 19:16:08 [INFO] [DB_SYNC] Asignación de ruta completada
2026-01-21 20:09:13 [INFO] [MONITOR] Usuario autenticado correctamente
2025-11-11 20:24:04 [DEBUG] [SCHEDULER] GPS sync generado exitosamente
2026-05-09 05:47:42 [WARN] [DB_SYNC] Asignación de ruta completada
2025-06-18 08:02:41 [INFO] [DB_SYNC] Usuario autenticado correctamente
2026-01-24 02:18:48 [INFO] [AUTH] Asignación de ruta completada
2025-03-04 23:18:47 [INFO] [SCHEDULER] Vehículo fuera de ruta detectado
2025-08-01 03:09:45 [WARN] [SCHEDULER] Backup diario completado
2026-02-18 19:02:24 [DEBUG] [DELIVERY] Asignación de ruta completada
2025-05-19 18:48:43 [INFO] [AUTH] Backup diario completado
2025-06-04 02:46:25 [WARN] [AUTH] Orden procesada correctamente
2025-05-10 02:31:38 [INFO] [GPS_TRACKER] Alerta de velocidad excedida
2026-05-13 12:52:31 [WARN] [DB_SYNC] Entrega registrada en sistema
2025-06-13 03:52:46 [INFO] [DELIVERY] Conexión a MongoDB establecida
2025-02-15 00:21:17 [WARN] [AUTH] Alerta de velocidad excedida
2025-06-23 22:24:48 [INFO] [DB_SYNC] GPS sync generado exitosamente
2025-07-22 19:31:53 [WARN] [MONITOR] Error de conexión con sensor
2026-01-29 13:19:34 [INFO] [AUTH] Conexión a MongoDB establecida
2025-03-01 02:18:31 [DEBUG] [MONITOR] Conexión a MongoDB establecida
2026-03-20 09:45:17 [INFO] [DB_SYNC] Orden procesada correctamente
2026-02-22 02:35:20 [ERROR] [MONITOR] Alerta de velocidad excedida
2025-02-12 14:04:36 [INFO] [DELIVERY] Conexión a MongoDB establecida
2025-04-16 16:57:42 [INFO] [SCHEDULER] Vehículo fuera de ruta detectado
2025-08-13 13:04:59 [DEBUG] [DB_SYNC] Error de conexión con sensor
2025-02-18 10:03:05 [INFO] [GPS_TRACKER] Asignación de ruta completada
2026-01-07 11:45:52 [INFO] [SCHEDULER] Conexión a MongoDB establecida
2025-07-06 00:28:01 [ERROR] [MONITOR] Orden procesada correctamente
2026-02-02 23:43:29 [INFO] [DELIVERY] Conexión a MongoDB establecida
2025-10-28 02:10:36 [WARN] [AUTH] Conexión a MongoDB establecida
2026-05-11 09:12:34 [INFO] [DB_SYNC] Asignación de ruta completada
2025-09-12 00:31:23 [ERROR] [GPS_TRACKER] Asignación de ruta completada
2025-07-25 06:42:57 [WARN] [SCHEDULER] Error de conexión con sensor
2025-04-27 10:48:23 [ERROR] [AUTH] Entrega registrada en sistema
2026-05-13 14:05:49 [INFO] [AUTH] Alerta de velocidad excedida
2025-07-16 09:39:19 [WARN] [AUTH] Error de conexión con sensor
2025-01-12 06:29:31 [WARN] [DB_SYNC] GPS sync generado exitosamente
2025-09-24 12:32:12 [INFO] [DELIVERY] Usuario autenticado correctamente
2026-04-25 08:21:06 [WARN] [MONITOR] Alerta de velocidad excedida
2025-01-22 09:57:35 [WARN] [SCHEDULER] Usuario autenticado correctamente
2025-01-26 15:03:27 [INFO] [DB_SYNC] Orden procesada correctamente
2025-05-23 05:51:55 [INFO] [AUTH] Orden procesada correctamente
2026-02-21 16:30:57 [WARN] [SCHEDULER] Conexión a MongoDB establecida
2025-02-22 16:22:45 [INFO] [DB_SYNC] Vehículo fuera de ruta detectado
2025-12-30 17:16:24 [DEBUG] [DELIVERY] Entrega registrada en sistema
2026-02-14 10:22:56 [ERROR] [MONITOR] Backup diario completado
2025-09-26 12:47:59 [INFO] [MONITOR] Conexión a MongoDB establecida
2026-03-11 11:05:37 [INFO] [DB_SYNC] GPS sync generado exitosamente
2025-01-09 09:27:30 [INFO] [DELIVERY] Asignación de ruta completada
2026-03-19 19:01:28 [DEBUG] [SCHEDULER] GPS sync generado exitosamente
2026-01-30 02:13:34 [INFO] [SCHEDULER] Alerta de velocidad excedida
2025-06-12 19:01:27 [DEBUG] [DB_SYNC] Usuario autenticado correctamente
2026-04-17 13:19:01 [ERROR] [GPS_TRACKER] Entrega registrada en sistema
2026-04-02 18:45:48 [INFO] [DB_SYNC] Vehículo fuera de ruta detectado
2025-08-10 03:05:37 [INFO] [DELIVERY] Usuario autenticado correctamente
2025-01-26 23:10:54 [WARN] [DB_SYNC] Vehículo fuera de ruta detectado
2025-10-19 18:27:36 [INFO] [SCHEDULER] GPS sync generado exitosamente
2025-11-14 17:10:04 [INFO] [SCHEDULER] Conexión a MongoDB establecida
2025-05-25 12:55:11 [INFO] [GPS_TRACKER] Error de conexión con sensor
2025-11-27 17:58:28 [WARN] [GPS_TRACKER] Error de conexión con sensor
2025-08-02 04:12:09 [INFO] [DELIVERY] GPS sync generado exitosamente
2025-03-15 14:08:55 [INFO] [DB_SYNC] Error de conexión con sensor
2026-01-04 06:32:40 [INFO] [SCHEDULER] Error de conexión con sensor
2025-08-26 20:41:03 [INFO] [AUTH] GPS sync generado exitosamente
2025-02-06 07:35:46 [WARN] [DB_SYNC] Usuario autenticado correctamente
2026-03-07 05:23:49 [ERROR] [GPS_TRACKER] Usuario autenticado correctamente
2025-04-04 04:42:32 [INFO] [GPS_TRACKER] Conexión a MongoDB establecida
2025-04-14 12:27:20 [INFO] [SCHEDULER] Error de conexión con sensor
2025-09-02 05:22:37 [WARN] [DB_SYNC] Alerta de velocidad excedida
2025-09-27 02:41:41 [INFO] [DB_SYNC] Backup diario completado
2026-02-14 04:31:31 [WARN] [SCHEDULER] Backup diario completado
2025-02-23 03:25:01 [INFO] [DB_SYNC] GPS sync generado exitosamente
2025-06-11 10:17:08 [INFO] [DELIVERY] Conexión a MongoDB establecida
2025-05-12 08:06:06 [INFO] [DB_SYNC] Conexión a MongoDB establecida
2025-02-24 09:08:08 [INFO] [DELIVERY] Conexión a MongoDB establecida
2026-03-11 04:11:19 [INFO] [AUTH] Conexión a MongoDB establecida
2025-12-22 16:10:24 [DEBUG] [MONITOR] Asignación de ruta completada
2025-08-10 01:37:58 [ERROR] [MONITOR] Orden procesada correctamente
2025-05-07 02:16:13 [INFO] [MONITOR] Usuario autenticado correctamente
2025-03-09 10:07:09 [INFO] [GPS_TRACKER] Alerta de velocidad excedida
2025-02-13 05:42:25 [INFO] [MONITOR] Orden procesada correctamente
2025-10-17 06:33:13 [WARN] [GPS_TRACKER] Alerta de velocidad excedida
2026-02-20 05:16:20 [WARN] [GPS_TRACKER] Backup diario completado
2025-02-09 12:28:01 [INFO] [MONITOR] GPS sync generado exitosamente
2025-12-10 00:58:04 [ERROR] [GPS_TRACKER] Alerta de velocidad excedida
2025-08-21 00:06:55 [WARN] [GPS_TRACKER] Backup diario completado
2026-03-23 01:01:11 [WARN] [SCHEDULER] Asignación de ruta completada
2025-05-10 05:00:55 [DEBUG] [SCHEDULER] GPS sync generado exitosamente
2026-03-21 20:45:18 [DEBUG] [DB_SYNC] Usuario autenticado correctamente
2025-03-13 06:21:16 [INFO] [DB_SYNC] Orden procesada correctamente
2025-11-20 14:11:01 [INFO] [SCHEDULER] Error de conexión con sensor
2025-06-07 18:09:57 [INFO] [AUTH] Alerta de velocidad excedida
2026-04-30 03:53:30 [ERROR] [SCHEDULER] Error de conexión con sensor
2026-01-29 16:02:20 [INFO] [GPS_TRACKER] Alerta de velocidad excedida
2025-08-20 20:17:34 [WARN] [DELIVERY] Entrega registrada en sistema
2026-05-13 00:40:20 [INFO] [MONITOR] Asignación de ruta completada
2025-05-28 05:58:09 [INFO] [SCHEDULER] Orden procesada correctamente
2026-03-29 04:45:23 [WARN] [SCHEDULER] Backup diario completado
2025-06-20 04:09:50 [INFO] [DELIVERY] Orden procesada correctamente
2025-01-31 18:36:34 [WARN] [AUTH] GPS sync generado exitosamente
2025-03-11 02:06:50 [DEBUG] [GPS_TRACKER] Orden procesada correctamente
2025-03-19 03:02:25 [INFO] [AUTH] Backup diario completado
2026-03-09 02:49:31 [INFO] [DELIVERY] Alerta de velocidad excedida
2026-01-28 00:03:48 [INFO] [DELIVERY] Vehículo fuera de ruta detectado
2025-12-30 08:45:16 [INFO] [DELIVERY] Asignación de ruta completada
2025-05-15 16:31:28 [DEBUG] [GPS_TRACKER] Orden procesada correctamente
2025-07-11 18:49:25 [INFO] [MONITOR] Asignación de ruta completada
2025-08-10 08:19:34 [ERROR] [DB_SYNC] Error de conexión con sensor
2026-01-17 14:36:51 [INFO] [AUTH] Orden procesada correctamente
2025-07-10 10:38:54 [INFO] [MONITOR] Asignación de ruta completada
2025-08-23 00:19:26 [INFO] [DELIVERY] Orden procesada correctamente
2025-07-16 17:43:33 [WARN] [SCHEDULER] Backup diario completado
2025-06-16 19:09:49 [ERROR] [DB_SYNC] Conexión a MongoDB establecida
2025-12-07 03:06:48 [ERROR] [MONITOR] Usuario autenticado correctamente
2025-11-01 02:30:54 [INFO] [DELIVERY] Error de conexión con sensor
2026-03-17 02:31:07 [INFO] [AUTH] Asignación de ruta completada
2025-07-12 10:25:38 [WARN] [MONITOR] GPS sync generado exitosamente
2025-05-15 07:49:47 [WARN] [MONITOR] Asignación de ruta completada
2026-02-19 23:25:25 [ERROR] [DB_SYNC] Conexión a MongoDB establecida
2025-12-21 15:07:28 [ERROR] [GPS_TRACKER] Error de conexión con sensor
2026-04-19 17:41:06 [ERROR] [SCHEDULER] Vehículo fuera de ruta detectado
2025-05-02 14:36:08 [WARN] [DB_SYNC] Orden procesada correctamente
2026-04-01 00:51:36 [WARN] [MONITOR] Backup diario completado
2025-06-11 01:09:15 [INFO] [GPS_TRACKER] Backup diario completado
2025-04-28 09:48:41 [DEBUG] [SCHEDULER] Conexión a MongoDB establecida
2026-03-17 11:58:35 [INFO] [AUTH] Asignación de ruta completada
2025-04-10 11:20:44 [INFO] [DB_SYNC] Asignación de ruta completada
2026-03-19 05:33:02 [DEBUG] [DB_SYNC] Error de conexión con sensor
2025-12-04 12:06:00 [DEBUG] [GPS_TRACKER] Asignación de ruta completada
2025-02-24 03:45:12 [INFO] [SCHEDULER] Orden procesada correctamente
2025-06-05 03:32:48 [INFO] [DELIVERY] GPS sync generado exitosamente
2025-01-13 20:45:22 [INFO] [SCHEDULER] Usuario autenticado correctamente
2026-02-10 00:55:32 [INFO] [SCHEDULER] Entrega registrada en sistema
2025-02-12 09:58:37 [WARN] [SCHEDULER] Usuario autenticado correctamente
2026-02-04 21:54:19 [INFO] [DELIVERY] Alerta de velocidad excedida
2026-01-06 18:01:25 [INFO] [DB_SYNC] Usuario autenticado correctamente
2025-05-31 01:06:33 [INFO] [GPS_TRACKER] Orden procesada correctamente
2026-04-20 09:42:50 [INFO] [AUTH] Alerta de velocidad excedida
2026-02-09 23:55:44 [INFO] [SCHEDULER] Entrega registrada en sistema
2026-02-23 17:49:54 [INFO] [DELIVERY] Alerta de velocidad excedida
2025-06-08 20:20:09 [WARN] [SCHEDULER] Error de conexión con sensor
2026-04-01 18:30:55 [WARN] [SCHEDULER] Backup diario completado
2025-12-23 10:59:56 [WARN] [AUTH] Conexión a MongoDB establecida
2025-03-18 01:14:37 [INFO] [AUTH] Alerta de velocidad excedida
2025-11-03 02:07:54 [INFO] [DB_SYNC] Usuario autenticado correctamente
2026-04-12 04:20:03 [WARN] [AUTH] Usuario autenticado correctamente
2025-10-11 01:07:49 [DEBUG] [SCHEDULER] Vehículo fuera de ruta detectado
2025-06-24 15:57:16 [INFO] [AUTH] Error de conexión con sensor
2025-07-30 07:39:23 [INFO] [SCHEDULER] Asignación de ruta completada
2025-08-01 00:04:29 [ERROR] [DELIVERY] Backup diario completado
2025-04-23 15:22:45 [INFO] [DB_SYNC] Usuario autenticado correctamente
2025-03-08 13:41:14 [INFO] [AUTH] Error de conexión con sensor
2025-06-20 12:50:26 [INFO] [DELIVERY] Usuario autenticado correctamente
2025-05-21 14:31:54 [WARN] [MONITOR] Asignación de ruta completada
2025-08-20 06:31:12 [ERROR] [GPS_TRACKER] Conexión a MongoDB establecida
2025-06-30 08:37:43 [WARN] [AUTH] GPS sync generado exitosamente
2025-11-13 01:07:05 [INFO] [DB_SYNC] Vehículo fuera de ruta detectado
2026-04-28 08:16:05 [INFO] [DELIVERY] Error de conexión con sensor
2025-01-08 20:48:23 [ERROR] [AUTH] GPS sync generado exitosamente
2025-11-10 17:00:26 [ERROR] [DELIVERY] Backup diario completado
2025-12-20 07:16:25 [DEBUG] [AUTH] Error de conexión con sensor
2025-03-10 23:34:39 [ERROR] [DELIVERY] Alerta de velocidad excedida
2025-10-13 04:26:16 [INFO] [GPS_TRACKER] Alerta de velocidad excedida
2025-01-16 20:59:22 [INFO] [AUTH] GPS sync generado exitosamente
2025-12-11 21:13:48 [INFO] [MONITOR] Asignación de ruta completada
2026-02-06 23:21:11 [INFO] [DELIVERY] Asignación de ruta completada
2025-06-18 13:08:27 [INFO] [MONITOR] Conexión a MongoDB establecida
2025-09-01 09:03:06 [INFO] [AUTH] Asignación de ruta completada
2025-03-06 13:59:26 [INFO] [DELIVERY] Error de conexión con sensor
2025-03-14 23:23:10 [INFO] [AUTH] Conexión a MongoDB establecida
2025-10-27 04:30:14 [WARN] [AUTH] Error de conexión con sensor
2025-03-22 19:41:36 [WARN] [GPS_TRACKER] Asignación de ruta completada
2025-08-13 01:39:20 [INFO] [SCHEDULER] Usuario autenticado correctamente
2026-02-25 05:37:06 [ERROR] [AUTH] Usuario autenticado correctamente
2026-04-30 07:53:05 [INFO] [DELIVERY] Conexión a MongoDB establecida
2026-05-03 22:31:40 [WARN] [GPS_TRACKER] Orden procesada correctamente
2025-04-06 08:04:34 [INFO] [AUTH] Asignación de ruta completada
2025-06-22 14:56:41 [ERROR] [GPS_TRACKER] Vehículo fuera de ruta detectado
2025-10-30 01:06:53 [INFO] [DB_SYNC] Entrega registrada en sistema
2025-05-13 17:45:53 [WARN] [MONITOR] Conexión a MongoDB establecida
2025-08-25 17:40:32 [DEBUG] [DB_SYNC] Asignación de ruta completada
2025-03-22 05:13:16 [WARN] [SCHEDULER] Usuario autenticado correctamente
2026-01-09 12:35:13 [INFO] [GPS_TRACKER] Entrega registrada en sistema
2026-03-19 18:47:05 [WARN] [DELIVERY] Usuario autenticado correctamente
2025-02-03 02:23:14 [INFO] [DELIVERY] Alerta de velocidad excedida
2026-02-07 16:58:37 [WARN] [DELIVERY] Orden procesada correctamente
2025-12-26 03:08:19 [WARN] [SCHEDULER] Backup diario completado
2025-04-14 05:03:57 [INFO] [MONITOR] Entrega registrada en sistema
2025-05-20 08:56:13 [INFO] [GPS_TRACKER] Error de conexión con sensor
2025-02-10 13:39:49 [ERROR] [SCHEDULER] Entrega registrada en sistema
2025-07-28 12:30:30 [INFO] [DB_SYNC] Vehículo fuera de ruta detectado
2026-03-11 18:58:08 [INFO] [MONITOR] Entrega registrada en sistema
2025-10-04 16:25:32 [INFO] [DB_SYNC] GPS sync generado exitosamente
2025-12-08 06:35:52 [WARN] [GPS_TRACKER] Conexión a MongoDB establecida
2025-08-18 11:34:46 [INFO] [DB_SYNC] Backup diario completado
2025-02-16 06:04:35 [INFO] [SCHEDULER] GPS sync generado exitosamente
2025-04-17 23:48:10 [WARN] [SCHEDULER] Alerta de velocidad excedida
2025-05-04 21:52:23 [WARN] [SCHEDULER] Error de conexión con sensor
2026-03-18 11:28:07 [INFO] [DELIVERY] Alerta de velocidad excedida
2025-12-13 16:30:00 [INFO] [DELIVERY] Backup diario completado
2026-02-13 09:55:07 [DEBUG] [GPS_TRACKER] Asignación de ruta completada
2025-01-14 06:47:06 [WARN] [GPS_TRACKER] Usuario autenticado correctamente
2026-01-06 00:38:04 [INFO] [DELIVERY] Conexión a MongoDB establecida
2025-02-03 04:37:19 [INFO] [DB_SYNC] Usuario autenticado correctamente
2026-03-27 13:15:25 [INFO] [AUTH] Error de conexión con sensor
2025-07-31 09:52:00 [INFO] [DELIVERY] Alerta de velocidad excedida
2025-04-20 13:37:15 [WARN] [AUTH] Usuario autenticado correctamente
2025-02-04 19:54:14 [INFO] [DB_SYNC] Orden procesada correctamente
2026-03-25 19:14:28 [WARN] [AUTH] Error de conexión con sensor
2025-04-05 23:09:17 [INFO] [DELIVERY] Orden procesada correctamente
2025-04-23 23:46:27 [DEBUG] [DB_SYNC] Error de conexión con sensor
2025-07-11 15:33:34 [DEBUG] [DB_SYNC] Orden procesada correctamente
2025-08-09 10:18:41 [INFO] [MONITOR] Entrega registrada en sistema
2025-01-26 07:46:06 [WARN] [AUTH] Asignación de ruta completada
2026-01-14 23:42:12 [INFO] [DELIVERY] Asignación de ruta completada
2025-10-15 05:49:07 [WARN] [AUTH] Usuario autenticado correctamente
2025-10-30 10:43:58 [INFO] [MONITOR] Backup diario completado
2025-07-24 23:26:35 [INFO] [SCHEDULER] Backup diario completado
2025-02-21 12:05:44 [WARN] [DB_SYNC] Asignación de ruta completada
2025-08-26 13:18:08 [INFO] [GPS_TRACKER] Usuario autenticado correctamente
2026-02-01 06:56:34 [INFO] [MONITOR] Backup diario completado
2025-04-24 03:07:20 [INFO] [DB_SYNC] Asignación de ruta completada
2025-07-01 23:33:48 [ERROR] [DELIVERY] GPS sync generado exitosamente
2026-04-25 16:23:34 [ERROR] [MONITOR] Alerta de velocidad excedida
2025-01-25 15:42:58 [INFO] [MONITOR] Backup diario completado
2025-03-22 17:18:32 [WARN] [MONITOR] Orden procesada correctamente
2025-07-31 00:13:22 [DEBUG] [MONITOR] Orden procesada correctamente
2025-04-22 15:50:42 [INFO] [DB_SYNC] Entrega registrada en sistema
2025-11-06 20:55:00 [INFO] [AUTH] Usuario autenticado correctamente
2025-10-10 22:19:55 [WARN] [AUTH] Alerta de velocidad excedida
2026-03-08 23:44:36 [WARN] [DELIVERY] GPS sync generado exitosamente
2025-02-20 17:24:03 [INFO] [MONITOR] Usuario autenticado correctamente
2025-08-20 10:09:18 [WARN] [MONITOR] Usuario autenticado correctamente
2025-01-19 03:12:19 [INFO] [DB_SYNC] Orden procesada correctamente
2026-03-04 04:19:54 [INFO] [GPS_TRACKER] Usuario autenticado correctamente
2025-05-19 09:13:55 [INFO] [GPS_TRACKER] Entrega registrada en sistema
2025-08-27 08:09:17 [WARN] [SCHEDULER] GPS sync generado exitosamente
2025-10-01 13:19:40 [INFO] [SCHEDULER] Usuario autenticado correctamente
2025-09-27 05:05:38 [ERROR] [SCHEDULER] GPS sync generado exitosamente
2025-04-17 05:24:58 [WARN] [GPS_TRACKER] GPS sync generado exitosamente
2025-09-02 22:12:16 [INFO] [SCHEDULER] Alerta de velocidad excedida
2025-05-17 21:05:16 [INFO] [AUTH] Orden procesada correctamente
2025-03-29 14:20:20 [INFO] [DB_SYNC] Backup diario completado
2026-04-16 12:16:00 [INFO] [AUTH] Vehículo fuera de ruta detectado
2026-05-03 17:25:37 [WARN] [AUTH] Conexión a MongoDB establecida
2025-03-25 03:53:36 [INFO] [DB_SYNC] Alerta de velocidad excedida
2025-06-12 18:21:15 [WARN] [SCHEDULER] Conexión a MongoDB establecida
2025-05-03 22:09:44 [WARN] [DELIVERY] Conexión a MongoDB establecida
2025-06-21 01:45:35 [INFO] [GPS_TRACKER] Error de conexión con sensor
2026-04-27 11:10:03 [ERROR] [GPS_TRACKER] Entrega registrada en sistema
2025-07-08 23:30:56 [INFO] [GPS_TRACKER] Asignación de ruta completada
2026-04-30 05:38:35 [DEBUG] [SCHEDULER] Backup diario completado
2025-02-25 05:04:01 [ERROR] [DB_SYNC] Conexión a MongoDB establecida
2025-12-26 20:55:45 [INFO] [AUTH] Error de conexión con sensor
2025-03-10 01:02:59 [INFO] [GPS_TRACKER] Error de conexión con sensor
2025-06-07 22:48:28 [DEBUG] [AUTH] Alerta de velocidad excedida
2026-04-23 22:41:40 [WARN] [MONITOR] Vehículo fuera de ruta detectado
2025-04-08 15:52:28 [INFO] [GPS_TRACKER] Backup diario completado
2025-02-24 19:42:34 [WARN] [SCHEDULER] GPS sync generado exitosamente
2025-02-19 03:35:55 [INFO] [DB_SYNC] Entrega registrada en sistema
2025-02-19 00:42:39 [DEBUG] [DB_SYNC] Usuario autenticado correctamente
2025-06-02 23:19:52 [INFO] [DB_SYNC] Error de conexión con sensor
2025-01-29 10:01:40 [WARN] [GPS_TRACKER] GPS sync generado exitosamente
2025-07-01 20:34:08 [DEBUG] [MONITOR] Alerta de velocidad excedida
2025-10-22 11:43:30 [WARN] [AUTH] GPS sync generado exitosamente
2025-04-13 19:06:36 [INFO] [GPS_TRACKER] Usuario autenticado correctamente
2026-02-06 10:00:34 [INFO] [AUTH] GPS sync generado exitosamente
2025-03-24 07:14:01 [INFO] [GPS_TRACKER] Backup diario completado
2026-01-28 22:10:47 [INFO] [AUTH] Backup diario completado
2025-05-23 01:19:09 [INFO] [GPS_TRACKER] Orden procesada correctamente
2025-01-12 02:31:11 [INFO] [MONITOR] Usuario autenticado correctamente
2025-10-07 20:44:54 [INFO] [MONITOR] Alerta de velocidad excedida
2025-05-10 16:27:25 [INFO] [DB_SYNC] GPS sync generado exitosamente
2026-02-12 19:56:10 [INFO] [MONITOR] Asignación de ruta completada
2025-07-09 20:38:34 [ERROR] [AUTH] GPS sync generado exitosamente
2025-11-28 09:47:48 [INFO] [GPS_TRACKER] Vehículo fuera de ruta detectado
2025-03-23 02:53:12 [WARN] [AUTH] Backup diario completado
2026-04-04 09:40:34 [INFO] [DELIVERY] Vehículo fuera de ruta detectado
2025-06-06 18:56:36 [INFO] [MONITOR] Error de conexión con sensor
2025-10-24 13:40:48 [DEBUG] [MONITOR] GPS sync generado exitosamente
2025-06-15 06:22:22 [INFO] [DB_SYNC] Conexión a MongoDB establecida
2026-02-08 16:33:52 [INFO] [DB_SYNC] Orden procesada correctamente
2026-05-06 23:42:52 [INFO] [GPS_TRACKER] Asignación de ruta completada
2025-10-10 14:15:12 [INFO] [DB_SYNC] Alerta de velocidad excedida
2026-03-12 20:48:50 [INFO] [SCHEDULER] Usuario autenticado correctamente
2025-06-24 15:14:57 [INFO] [GPS_TRACKER] Usuario autenticado correctamente
2026-05-07 12:59:37 [INFO] [SCHEDULER] Error de conexión con sensor
2025-09-22 09:15:27 [INFO] [GPS_TRACKER] Alerta de velocidad excedida
2025-04-24 23:26:33 [WARN] [GPS_TRACKER] Conexión a MongoDB establecida
2025-05-28 18:47:19 [DEBUG] [GPS_TRACKER] Error de conexión con sensor
2026-04-22 04:48:48 [INFO] [AUTH] Usuario autenticado correctamente
2025-11-07 00:34:49 [ERROR] [AUTH] Alerta de velocidad excedida
2025-10-12 01:34:42 [INFO] [AUTH] Alerta de velocidad excedida
2026-02-26 17:54:22 [INFO] [GPS_TRACKER] Usuario autenticado correctamente
2025-04-26 20:06:44 [INFO] [DB_SYNC] Entrega registrada en sistema
2025-08-02 04:37:45 [INFO] [SCHEDULER] Usuario autenticado correctamente
2025-10-08 22:11:54 [WARN] [GPS_TRACKER] Asignación de ruta completada
2026-01-08 22:00:48 [WARN] [DB_SYNC] Asignación de ruta completada
2025-12-07 12:13:28 [INFO] [DB_SYNC] Backup diario completado
2025-10-14 19:07:07 [INFO] [DB_SYNC] Asignación de ruta completada
2026-01-23 03:53:50 [INFO] [DELIVERY] Error de conexión con sensor
2026-04-27 18:51:17 [WARN] [DB_SYNC] Backup diario completado
2025-01-01 05:13:33 [WARN] [DELIVERY] Orden procesada correctamente
2025-02-12 07:17:53 [WARN] [AUTH] Asignación de ruta completada
2025-12-27 23:09:15 [INFO] [AUTH] Alerta de velocidad excedida
2025-01-05 11:33:28 [WARN] [SCHEDULER] Backup diario completado
2025-10-12 16:05:53 [INFO] [AUTH] Vehículo fuera de ruta detectado
2026-01-12 09:47:46 [DEBUG] [SCHEDULER] Error de conexión con sensor
2026-04-14 23:12:29 [INFO] [DB_SYNC] Entrega registrada en sistema
2025-08-17 17:55:00 [WARN] [AUTH] GPS sync generado exitosamente
2025-05-12 12:39:23 [INFO] [DB_SYNC] Asignación de ruta completada
2026-03-13 20:48:19 [WARN] [SCHEDULER] Asignación de ruta completada
2026-02-07 17:20:34 [WARN] [DELIVERY] Usuario autenticado correctamente
2025-12-24 11:39:00 [INFO] [AUTH] Orden procesada correctamente
2026-04-06 21:39:25 [WARN] [DELIVERY] Usuario autenticado correctamente
2025-02-19 03:08:17 [INFO] [MONITOR] Usuario autenticado correctamente
2025-09-27 07:33:32 [INFO] [MONITOR] Vehículo fuera de ruta detectado
2025-09-08 14:19:21 [INFO] [AUTH] Usuario autenticado correctamente
2025-08-19 14:16:02 [WARN] [AUTH] Conexión a MongoDB establecida
2026-01-24 02:38:27 [INFO] [DB_SYNC] Asignación de ruta completada
2025-06-12 19:30:17 [DEBUG] [MONITOR] Orden procesada correctamente
2025-08-26 06:10:27 [INFO] [DELIVERY] Asignación de ruta completada
2025-12-22 17:36:17 [INFO] [SCHEDULER] Orden procesada correctamente
2026-04-01 09:17:38 [INFO] [GPS_TRACKER] Conexión a MongoDB establecida
2026-03-13 10:42:13 [ERROR] [AUTH] Entrega registrada en sistema
2025-04-12 03:28:19 [INFO] [DELIVERY] Orden procesada correctamente
2025-11-10 15:28:46 [INFO] [MONITOR] Conexión a MongoDB establecida
2026-03-28 21:14:11 [DEBUG] [DB_SYNC] Entrega registrada en sistema
2025-06-04 11:51:00 [INFO] [DB_SYNC] Usuario autenticado correctamente
2025-08-12 06:37:22 [INFO] [GPS_TRACKER] GPS sync generado exitosamente
2025-06-20 08:38:56 [WARN] [MONITOR] Error de conexión con sensor
2025-05-28 03:43:35 [WARN] [MONITOR] Alerta de velocidad excedida
2026-02-28 09:25:47 [INFO] [SCHEDULER] Asignación de ruta completada
2026-03-07 00:37:34 [DEBUG] [GPS_TRACKER] Orden procesada correctamente
2026-04-24 08:34:17 [INFO] [AUTH] Error de conexión con sensor
2025-04-10 13:48:53 [ERROR] [SCHEDULER] Usuario autenticado correctamente
2025-10-15 11:43:50 [INFO] [AUTH] Alerta de velocidad excedida
2025-05-18 21:16:20 [INFO] [DB_SYNC] Orden procesada correctamente
2025-05-27 17:32:58 [ERROR] [DELIVERY] Alerta de velocidad excedida
2025-11-15 16:05:53 [DEBUG] [GPS_TRACKER] Orden procesada correctamente
2025-02-22 13:36:47 [WARN] [DB_SYNC] GPS sync generado exitosamente
2025-12-16 07:10:06 [INFO] [GPS_TRACKER] Entrega registrada en sistema
2026-04-11 16:42:36 [DEBUG] [AUTH] Entrega registrada en sistema
2025-11-17 15:44:22 [INFO] [MONITOR] Asignación de ruta completada
2025-01-13 18:49:13 [WARN] [DB_SYNC] Alerta de velocidad excedida
2026-03-11 23:01:52 [INFO] [SCHEDULER] Conexión a MongoDB establecida
2025-01-25 09:46:58 [INFO] [SCHEDULER] Usuario autenticado correctamente
2025-10-22 15:54:08 [DEBUG] [MONITOR] Orden procesada correctamente
2026-01-26 23:36:50 [INFO] [DB_SYNC] Usuario autenticado correctamente
2025-03-14 23:39:04 [INFO] [GPS_TRACKER] Orden procesada correctamente
2025-02-10 06:36:03 [INFO] [DELIVERY] Entrega registrada en sistema
2025-02-27 13:53:13 [WARN] [DELIVERY] Vehículo fuera de ruta detectado
2025-05-19 20:40:55 [INFO] [DELIVERY] Usuario autenticado correctamente
2026-03-24 14:12:48 [INFO] [DB_SYNC] Asignación de ruta completada
2025-04-15 19:06:03 [WARN] [DELIVERY] Error de conexión con sensor
2025-04-05 17:54:24 [INFO] [DELIVERY] Orden procesada correctamente
2025-02-13 16:21:02 [INFO] [GPS_TRACKER] Entrega registrada en sistema
2025-09-23 10:06:11 [INFO] [AUTH] Entrega registrada en sistema
2025-10-05 19:12:29 [ERROR] [AUTH] Orden procesada correctamente
2025-11-15 06:48:05 [INFO] [GPS_TRACKER] GPS sync generado exitosamente
2025-03-23 19:14:34 [INFO] [MONITOR] Usuario autenticado correctamente
2026-02-24 16:04:29 [INFO] [SCHEDULER] Backup diario completado
2026-04-15 03:18:52 [WARN] [AUTH] Backup diario completado
2025-02-05 10:37:21 [DEBUG] [DB_SYNC] Error de conexión con sensor
2026-05-16 20:03:38 [DEBUG] [MONITOR] Error de conexión con sensor
2025-01-23 09:58:23 [ERROR] [DB_SYNC] Orden procesada correctamente
2025-02-08 12:53:26 [INFO] [DB_SYNC] Vehículo fuera de ruta detectado
2026-03-03 04:48:47 [WARN] [DELIVERY] Conexión a MongoDB establecida
2025-03-22 04:37:45 [ERROR] [AUTH] GPS sync generado exitosamente
2025-03-02 14:08:16 [INFO] [GPS_TRACKER] Alerta de velocidad excedida
2025-10-27 21:44:28 [INFO] [GPS_TRACKER] Alerta de velocidad excedida
2026-05-09 12:46:03 [DEBUG] [GPS_TRACKER] Entrega registrada en sistema
2025-11-30 15:15:05 [INFO] [DELIVERY] GPS sync generado exitosamente
2025-01-19 10:18:18 [INFO] [GPS_TRACKER] Alerta de velocidad excedida
2026-05-09 02:33:33 [INFO] [AUTH] Vehículo fuera de ruta detectado
2025-09-19 14:01:06 [INFO] [GPS_TRACKER] Backup diario completado
2025-08-22 14:07:49 [INFO] [DB_SYNC] Orden procesada correctamente
2026-04-22 05:57:44 [INFO] [GPS_TRACKER] Asignación de ruta completada
2026-01-28 02:43:13 [INFO] [AUTH] Conexión a MongoDB establecida
2025-11-04 00:40:53 [WARN] [MONITOR] GPS sync generado exitosamente
2025-06-29 01:00:43 [INFO] [AUTH] Usuario autenticado correctamente
2025-01-29 08:13:56 [WARN] [AUTH] GPS sync generado exitosamente
2026-02-17 03:14:59 [INFO] [SCHEDULER] Vehículo fuera de ruta detectado
2025-11-25 08:11:50 [INFO] [AUTH] Alerta de velocidad excedida
2025-01-08 05:31:21 [INFO] [GPS_TRACKER] GPS sync generado exitosamente
2025-06-09 09:19:01 [INFO] [GPS_TRACKER] Conexión a MongoDB establecida
2026-02-09 18:59:52 [INFO] [DB_SYNC] GPS sync generado exitosamente
2025-02-13 16:03:16 [INFO] [DELIVERY] GPS sync generado exitosamente
2025-01-15 05:22:38 [INFO] [DB_SYNC] Conexión a MongoDB establecida
2025-01-22 01:36:39 [INFO] [DB_SYNC] Error de conexión con sensor
2025-09-02 06:10:20 [DEBUG] [GPS_TRACKER] Backup diario completado
2025-08-07 21:26:08 [ERROR] [SCHEDULER] Error de conexión con sensor
2026-04-19 04:07:10 [INFO] [AUTH] GPS sync generado exitosamente
2025-01-05 16:27:18 [ERROR] [DB_SYNC] Conexión a MongoDB establecida
2025-04-24 13:08:39 [INFO] [AUTH] Vehículo fuera de ruta detectado
2025-07-05 01:23:24 [DEBUG] [DELIVERY] Usuario autenticado correctamente
2026-03-11 08:18:53 [INFO] [SCHEDULER] Backup diario completado
2026-03-25 23:40:26 [WARN] [AUTH] Error de conexión con sensor
2026-05-02 13:27:40 [WARN] [DELIVERY] GPS sync generado exitosamente
2025-10-30 09:54:38 [INFO] [MONITOR] Vehículo fuera de ruta detectado
2025-11-08 22:58:20 [INFO] [MONITOR] Error de conexión con sensor
2026-04-15 11:05:49 [WARN] [GPS_TRACKER] Asignación de ruta completada
2025-12-12 09:16:00 [ERROR] [DELIVERY] Vehículo fuera de ruta detectado
2025-03-24 00:53:48 [INFO] [AUTH] Vehículo fuera de ruta detectado
2026-01-22 16:48:33 [INFO] [AUTH] GPS sync generado exitosamente
2025-04-16 04:32:38 [WARN] [DB_SYNC] Error de conexión con sensor
2025-02-14 10:40:15 [WARN] [SCHEDULER] Orden procesada correctamente
2026-04-20 14:09:54 [INFO] [MONITOR] Usuario autenticado correctamente
2026-03-08 07:50:28 [WARN] [SCHEDULER] Error de conexión con sensor
2026-02-17 16:34:13 [INFO] [AUTH] Vehículo fuera de ruta detectado
2025-06-13 11:06:28 [INFO] [DELIVERY] Error de conexión con sensor
2025-01-04 07:44:30 [INFO] [AUTH] Error de conexión con sensor
2026-02-10 09:16:05 [INFO] [DELIVERY] Vehículo fuera de ruta detectado
2025-04-08 00:31:41 [INFO] [MONITOR] Usuario autenticado correctamente
2025-06-29 03:46:40 [INFO] [SCHEDULER] Conexión a MongoDB establecida
2025-01-27 08:42:23 [INFO] [GPS_TRACKER] Vehículo fuera de ruta detectado
2025-04-14 18:45:19 [INFO] [SCHEDULER] Orden procesada correctamente
2025-06-30 09:49:32 [DEBUG] [MONITOR] Alerta de velocidad excedida
2026-02-05 09:52:53 [INFO] [DB_SYNC] Error de conexión con sensor
2025-05-07 08:19:05 [WARN] [MONITOR] GPS sync generado exitosamente
2025-07-02 13:27:08 [INFO] [DELIVERY] Asignación de ruta completada
2025-04-04 08:07:31 [WARN] [DELIVERY] Backup diario completado
2026-05-07 12:11:15 [WARN] [GPS_TRACKER] Alerta de velocidad excedida
2025-10-02 19:25:52 [INFO] [MONITOR] GPS sync generado exitosamente
2025-08-06 17:52:52 [INFO] [SCHEDULER] Alerta de velocidad excedida
2025-06-06 00:28:13 [WARN] [GPS_TRACKER] Usuario autenticado correctamente
2025-01-19 05:07:30 [WARN] [SCHEDULER] Error de conexión con sensor
2025-01-17 19:55:54 [INFO] [DB_SYNC] Conexión a MongoDB establecida
2025-02-08 08:08:46 [INFO] [GPS_TRACKER] Alerta de velocidad excedida
2025-04-02 13:36:56 [INFO] [DELIVERY] Orden procesada correctamente
2025-02-22 13:45:00 [DEBUG] [DELIVERY] Error de conexión con sensor
2025-04-18 09:31:39 [WARN] [MONITOR] Entrega registrada en sistema
2026-04-18 15:56:12 [INFO] [GPS_TRACKER] Vehículo fuera de ruta detectado
2025-08-02 01:48:47 [INFO] [MONITOR] Vehículo fuera de ruta detectado
2025-11-12 11:46:53 [DEBUG] [SCHEDULER] Usuario autenticado correctamente
2025-05-21 11:27:30 [INFO] [SCHEDULER] Error de conexión con sensor
2025-11-18 06:04:58 [INFO] [DELIVERY] Entrega registrada en sistema
2026-03-16 08:04:58 [INFO] [GPS_TRACKER] Conexión a MongoDB establecida
2026-02-16 19:45:12 [WARN] [GPS_TRACKER] Vehículo fuera de ruta detectado
2026-03-25 18:44:25 [WARN] [GPS_TRACKER] Entrega registrada en sistema
2025-09-15 20:10:41 [ERROR] [AUTH] GPS sync generado exitosamente
2026-01-06 05:46:02 [ERROR] [DB_SYNC] Alerta de velocidad excedida
2025-09-03 23:04:46 [ERROR] [GPS_TRACKER] Vehículo fuera de ruta detectado
2026-04-06 01:48:38 [INFO] [MONITOR] Backup diario completado
2026-03-22 07:07:55 [WARN] [GPS_TRACKER] Vehículo fuera de ruta detectado
2026-01-08 18:57:25 [INFO] [SCHEDULER] Vehículo fuera de ruta detectado
2025-08-17 22:41:39 [INFO] [AUTH] GPS sync generado exitosamente
2025-11-21 18:14:55 [WARN] [GPS_TRACKER] Conexión a MongoDB establecida
2026-03-01 19:01:25 [INFO] [MONITOR] Entrega registrada en sistema
2025-10-02 19:01:42 [INFO] [SCHEDULER] Usuario autenticado correctamente
2025-11-12 00:34:14 [INFO] [DB_SYNC] Vehículo fuera de ruta detectado
2026-02-18 14:05:11 [INFO] [MONITOR] Error de conexión con sensor
2026-01-20 15:24:36 [INFO] [DELIVERY] Entrega registrada en sistema
2026-01-13 22:25:35 [INFO] [GPS_TRACKER] Orden procesada correctamente
2025-03-14 14:43:52 [DEBUG] [DB_SYNC] Backup diario completado
2026-05-13 20:15:07 [INFO] [DELIVERY] Vehículo fuera de ruta detectado
2025-06-28 20:59:38 [INFO] [DELIVERY] Error de conexión con sensor
2026-04-10 19:40:48 [DEBUG] [MONITOR] Backup diario completado
2026-04-10 10:00:00 [DEBUG] [AUTH] Conexión a MongoDB establecida
2025-12-01 04:34:17 [INFO] [DB_SYNC] Asignación de ruta completada
